AREA_NAME,AREA_CODE,2015,2016,2017,2018,2019,2020,2021,2022,2023,2024
Hartlepool,E06000001,0.374024349,0.391385559,0.39426638,0.376126724,0.384335928,0.38647277,0.367490738,0.370539908,0.380947054,0.383327447
Middlesbrough,E06000002,0.338093169,0.348548645,0.344966934,0.355281521,0.352853495,0.371443444,0.360271106,0.361349,0.391884279,0.380464944
Redcar and Cleveland,E06000003,0.383461793,0.4016855,0.392459107,0.385507245,0.39396616,0.378731659,0.390507266,0.397099408,0.389449077,0.384806526
Stockton-on-Tees,E06000004,0.277527118,0.286282567,0.288478965,0.264600368,0.277264073,0.288052029,0.29656215,0.275744158,0.279588005,0.275719028
Darlington,E06000005,0.320553941,0.323616354,0.32304511,0.313354752,0.323342554,0.340839199,0.317831072,0.332681879,0.336817601,0.32800839
County Durham,E06000047,0.276288493,0.303412403,0.300306691,0.288525853,0.287179319,0.294128535,0.293830773,0.302836646,0.291117881,0.291144706
Northumberland,E06000057,0.29604993,0.306396002,0.317890365,0.300579277,0.304888141,0.304801763,0.312699522,0.302323922,0.296258957,0.291963457
Newcastle upon Tyne,E08000021,0.308096693,0.310681318,0.301552472,0.302039582,0.298260262,0.306187609,0.311778818,0.303705623,0.311240059,0.303344842
North Tyneside,E08000022,0.312611181,0.309546815,0.321324836,0.340261776,0.320242655,0.332158529,0.330718728,0.33180693,0.332226572,0.325835114
South Tyneside,E08000023,0.337693195,0.343638497,0.331814669,0.327935366,0.324357298,0.343092349,0.335149796,0.324428985,0.343246787,0.326465535
Sunderland,E08000024,0.320601873,0.329661788,0.334624359,0.32485508,0.321689418,0.34063104,0.323057912,0.320863967,0.333602741,0.326251647
Gateshead,E08000037,0.288788894,0.30337066,0.30958702,0.319417441,0.299606673,0.298368662,0.292207342,0.304645743,0.309171585,0.308654589
Halton,E06000006,0.34650754,0.371828149,0.381072415,0.386400922,0.385541098,0.388589502,0.375961794,0.361628008,0.374848047,0.369876207
Warrington,E06000007,0.295079646,0.322829975,0.321025726,0.314915919,0.318632979,0.32948205,0.32197651,0.319172535,0.355785664,0.353155884
Blackburn with Darwen,E06000008,0.339891242,0.341974937,0.329159288,0.335874423,0.320540194,0.329126041,0.331271174,0.349980989,0.3480704,0.351188943
Blackpool,E06000009,0.369703124,0.37278259,0.355272276,0.367009248,0.370286516,0.380732522,0.376573097,0.377481201,0.372744165,0.38893262
Cheshire East,E06000049,0.238182058,0.23764137,0.237916504,0.238647259,0.233509869,0.252129933,0.251448771,0.239577876,0.259040543,0.246898083
Cheshire West and Chester,E06000050,0.239364804,0.239161335,0.24013135,0.245540594,0.236960205,0.237173718,0.23496344,0.250935266,0.238014077,0.242721622
Cumberland,E06000063,0.300396011,0.295823344,0.29988941,0.305831673,0.300305713,0.304256654,0.30249239,0.298806738,0.29866421,0.300874359
Westmorland and Furness,E06000064,0.325979482,0.327703597,0.309543207,0.322462675,0.30842915,0.32933694,0.326751147,0.339400676,0.348612789,0.353392784
Burnley,E07000117,0.338910031,0.341435573,0.352755628,0.349634681,0.344649454,0.348111689,0.339838518,0.33937004,0.340731553,0.355784651
Chorley,E07000118,0.306071315,0.312671467,0.318551203,0.319272909,0.305994812,0.329545424,0.314005139,0.32050922,0.310763223,0.304493598
Fylde,E07000119,0.461622328,0.4371921,0.441768024,0.420417317,0.38857656,0.416178085,0.403585095,0.412606142,0.430737647,0.414863328
Hyndburn,E07000120,0.394594281,0.386094049,0.399560146,0.422997736,0.407058496,0.418156161,0.400375088,0.418338457,0.402857606,0.422658478
Lancaster,E07000121,0.290906106,0.297236722,0.29164276,0.306706342,0.291459006,0.306923694,0.285942221,0.288189666,0.304229748,0.320080983
Pendle,E07000122,0.403003618,0.393686489,0.399526315,0.419711875,0.401170448,0.412953117,0.383326516,0.413360198,0.411525932,0.407174307
Preston,E07000123,0.308267563,0.304120909,0.313017078,0.316688806,0.314383883,0.311897886,0.315965097,0.332121711,0.331433288,0.328141943
Ribble Valley,E07000124,0.406082252,0.421757175,0.407932203,0.400581793,0.398881059,0.412453587,0.409602579,0.409152562,0.420832233,0.407652896
Rossendale,E07000125,0.451820467,0.435559184,0.405376452,0.449858098,0.417125702,0.404258102,0.414094336,0.401683015,0.406940533,0.41446586
South Ribble,E07000126,0.393762261,0.390207395,0.412664847,0.425672463,0.42750323,0.426621449,0.37337146,0.371249006,0.354766183,0.366052932
West Lancashire,E07000127,0.3311657,0.335161473,0.3150545,0.330131961,0.335372491,0.324247002,0.338685316,0.343160239,0.343406924,0.35060094
Wyre,E07000128,0.37143698,0.357508192,0.351978741,0.38510908,0.375442249,0.359200238,0.371453881,0.384384331,0.399162489,0.406437177
Bolton,E08000001,0.23092789,0.24571402,0.255696019,0.258214174,0.260382012,0.266959882,0.263215483,0.250678448,0.252386809,0.256624934
Bury,E08000002,0.299088696,0.303144873,0.291774889,0.309956882,0.307939462,0.301419129,0.295540452,0.291730189,0.311573474,0.305501661
Manchester,E08000003,0.275340307,0.287483986,0.276712306,0.283549509,0.282247218,0.288318801,0.288072337,0.289654905,0.288762109,0.283231988
Oldham,E08000004,0.303902844,0.303799492,0.317445814,0.313161094,0.294787563,0.286007242,0.294997323,0.306771014,0.319382227,0.323279785
Rochdale,E08000005,0.315033387,0.323477479,0.325753871,0.349573092,0.332972476,0.333103543,0.32555621,0.308333491,0.321019138,0.329504992
Salford,E08000006,0.282029607,0.271413903,0.265695752,0.271749042,0.286457542,0.280290051,0.288304004,0.317042422,0.337015132,0.328778451
Stockport,E08000007,0.237605423,0.24658469,0.244335481,0.258368763,0.251014202,0.251409491,0.262015116,0.243027099,0.25320165,0.249353715
Tameside,E08000008,0.311968078,0.323242752,0.31293717,0.322022318,0.3188324,0.320155469,0.311276357,0.316861781,0.305638253,0.315491431
Trafford,E08000009,0.319243521,0.316296152,0.323559511,0.335692712,0.334844942,0.340472742,0.364409796,0.365477753,0.355092863,0.351720563
Wigan,E08000010,0.276511931,0.270990842,0.275333269,0.279152896,0.282381533,0.272307182,0.276857285,0.276455202,0.285372266,0.288039567
Knowsley,E08000011,0.391039704,0.393928959,0.394894715,0.398647845,0.416271679,0.401819608,0.436351087,0.411180537,0.371698465,0.376987318
Liverpool,E08000012,0.251321608,0.246985368,0.245612191,0.256781094,0.256755741,0.265675118,0.262771652,0.261415513,0.257899823,0.261947447
St. Helens,E08000013,0.332602471,0.335405279,0.344923524,0.334361884,0.332110697,0.323652587,0.323045122,0.317841826,0.324494376,0.34545728
Sefton,E08000014,0.284731001,0.27687023,0.273223701,0.294116639,0.279897347,0.293106456,0.291790435,0.293443683,0.295937745,0.288456891
Wirral,E08000015,0.294243736,0.281310899,0.285011527,0.27809863,0.286627225,0.292773879,0.289026849,0.291028873,0.285828319,0.292848124
"Kingston upon Hull, City of",E06000010,0.285909926,0.286556272,0.277811728,0.273189585,0.286659163,0.289695795,0.286451925,0.295069431,0.298824071,0.29534969
East Riding of Yorkshire,E06000011,0.292140063,0.301662156,0.290733729,0.277227637,0.280688885,0.287381665,0.282468994,0.294677781,0.28552652,0.277912444
North East Lincolnshire,E06000012,0.325990403,0.336825426,0.339944786,0.342312414,0.335557949,0.349274883,0.352420637,0.355315561,0.34797692,0.345427679
North Lincolnshire,E06000013,0.359860648,0.370751685,0.360020305,0.369588241,0.371090378,0.377333642,0.37928812,0.38610817,0.38195957,0.364273548
York,E06000014,0.271700344,0.272858312,0.27771206,0.28073135,0.277763529,0.280049673,0.283288326,0.293668811,0.290739141,0.303510831
North Yorkshire,E06000065,0.244697581,0.254912748,0.243536641,0.233884272,0.236513275,0.250021183,0.254673748,0.24831438,0.247044552,0.244609912
Barnsley,E08000016,0.330447152,0.341145513,0.322432498,0.328395084,0.338120855,0.334395447,0.307528616,0.318858789,0.310788302,0.295822358
Doncaster,E08000017,0.301723958,0.297669348,0.292855254,0.294026211,0.295115176,0.30075596,0.300010817,0.30167845,0.301905943,0.296984693
Rotherham,E08000018,0.314277916,0.305209653,0.293650511,0.300184612,0.294123368,0.306064489,0.295320333,0.308886347,0.292257506,0.288487937
Sheffield,E08000019,0.238406206,0.230947771,0.227404956,0.221368903,0.219269704,0.234311839,0.231502573,0.22953408,0.226748476,0.229472357
Bradford,E08000032,0.250458937,0.250728522,0.255280303,0.254637279,0.256557386,0.255190837,0.256925093,0.267440542,0.243645187,0.25069408
Calderdale,E08000033,0.328619022,0.331533036,0.29734012,0.30094496,0.300610875,0.303647176,0.313516523,0.318161754,0.319464572,0.317345784
Kirklees,E08000034,0.263973694,0.25915946,0.260501336,0.254734236,0.259544732,0.266054888,0.259701809,0.273428342,0.265095099,0.265790347
Leeds,E08000035,0.21323696,0.209360949,0.202601706,0.206799365,0.208736019,0.207389093,0.213386355,0.214793478,0.196587896,0.197092687
Wakefield,E08000036,0.27161422,0.280335565,0.278060849,0.279335403,0.293307922,0.294481843,0.282541156,0.299771848,0.286502891,0.282994069
Derby,E06000015,0.275828723,0.277188908,0.275559078,0.277935004,0.313836324,0.311126977,0.29522194,0.291723712,0.295098765,0.288660778
Leicester,E06000016,0.317590618,0.326306598,0.311718805,0.296077881,0.31547974,0.301037801,0.278775649,0.295840054,0.289810901,0.293640257
Rutland,E06000017,0.446136027,0.454544159,0.468330515,0.454620304,0.458207755,0.458839796,0.440908202,0.458744399,0.445696743,0.462578816
Nottingham,E06000018,0.361412608,0.354491549,0.302955748,0.295885648,0.305097747,0.313779265,0.297753594,0.302777433,0.312588365,0.309957808
North Northamptonshire,E06000061,0.300098375,0.314739681,0.323779835,0.314206529,0.321259538,0.318827626,0.299317072,0.286543687,0.315164862,0.295266669
West Northamptonshire,E06000062,0.230986171,0.235044672,0.248499848,0.239384174,0.243337103,0.246465939,0.258328872,0.24417699,0.25918377,0.245854587
Amber Valley,E07000032,0.390681891,0.385255336,0.385429381,0.380905596,0.386151039,0.374689002,0.358561825,0.353458893,0.380811546,0.355453527
Bolsover,E07000033,0.495708225,0.467247676,0.465531389,0.446032675,0.444940534,0.449342276,0.442374497,0.462534103,0.459161439,0.48039897
Chesterfield,E07000034,0.318452188,0.321630129,0.32399804,0.311211185,0.305961695,0.320568561,0.301361382,0.318851771,0.330334189,0.329090554
Derbyshire Dales,E07000035,0.399113968,0.429280532,0.41495659,0.407291179,0.408634856,0.412368997,0.418469203,0.426842714,0.427171584,0.423029689
Erewash,E07000036,0.391304758,0.39235035,0.390065786,0.383314289,0.3871574,0.378071441,0.373727728,0.390981619,0.396689326,0.372128338
High Peak,E07000037,0.359863853,0.369448333,0.369446524,0.357585165,0.370233195,0.372206623,0.376705729,0.370568237,0.379544049,0.36597771
North East Derbyshire,E07000038,0.416171301,0.415068785,0.415285187,0.417901031,0.415858217,0.399164401,0.354298444,0.40370245,0.406000389,0.391857831
South Derbyshire,E07000039,0.425324643,0.424011822,0.419542963,0.417164292,0.412140425,0.40704902,0.401185019,0.409440535,0.409310464,0.38978322
Blaby,E07000129,0.405877525,0.411203587,0.418871595,0.422482318,0.425822383,0.407978857,0.420122057,0.414732275,0.420389806,0.418007033
Charnwood,E07000130,0.323246189,0.313787947,0.299289705,0.313604857,0.313009581,0.320908806,0.312390439,0.327713137,0.321742639,0.317067283
Harborough,E07000131,0.353218909,0.359650117,0.345527084,0.352096934,0.363444387,0.368961529,0.355172159,0.363087979,0.366414913,0.346777685
Hinckley and Bosworth,E07000132,0.387821102,0.390746625,0.393276763,0.396337001,0.404727606,0.402680289,0.397198403,0.389966516,0.392793371,0.386231804
Melton,E07000133,0.414837794,0.411119857,0.40728746,0.403221102,0.4228713,0.425300152,0.409284281,0.426814879,0.420135309,0.426103845
North West Leicestershire,E07000134,0.416463631,0.409279156,0.420199649,0.408227179,0.408375101,0.450835694,0.45273531,0.437604963,0.464630124,0.453639514
Oadby and Wigston,E07000135,0.417287761,0.425565484,0.425158514,0.416922258,0.406735319,0.405797452,0.396409479,0.402493637,0.411740626,0.390978356
Boston,E07000136,0.443851448,0.463425916,0.46834708,0.454761248,0.46221293,0.454004919,0.448503166,0.44168432,0.457078502,0.444754924
East Lindsey,E07000137,0.392197265,0.405499593,0.401998079,0.398449243,0.398204641,0.411127032,0.389367359,0.412522075,0.409281829,0.396259222
Lincoln,E07000138,0.309670981,0.319105305,0.312010966,0.31995172,0.306970802,0.323965532,0.332641885,0.32401615,0.322602963,0.316141816
North Kesteven,E07000139,0.413875782,0.380175957,0.405340222,0.407213469,0.408569826,0.409912201,0.414665114,0.413431267,0.404143784,0.400609615
South Holland,E07000140,0.495817359,0.506225741,0.520326174,0.503253199,0.517737264,0.51370614,0.490756355,0.493844253,0.472821344,0.457711486
South Kesteven,E07000141,0.330018551,0.335786945,0.332603861,0.314654575,0.316241097,0.333901716,0.322294039,0.340338587,0.330770703,0.31553496
West Lindsey,E07000142,0.391609957,0.386216022,0.379802579,0.379605084,0.359292013,0.373479189,0.338795524,0.368814407,0.390534301,0.380587116
Ashfield,E07000170,0.418633423,0.420318408,0.419732037,0.401439555,0.422654764,0.417103509,0.430844917,0.437365631,0.447966034,0.431564239
Bassetlaw,E07000171,0.359348899,0.363688253,0.343188051,0.36094413,0.365608127,0.361663457,0.344173244,0.346845031,0.340687666,0.375759095
Broxtowe,E07000172,0.356907288,0.356621284,0.375206012,0.359340695,0.372341472,0.391542902,0.358994006,0.35083532,0.362384487,0.365308525
Gedling,E07000173,0.367218736,0.36915682,0.373740017,0.351251821,0.363665456,0.392632367,0.352626589,0.386048983,0.346983446,0.364996313
Mansfield,E07000174,0.342265785,0.347021504,0.348287389,0.345117941,0.359063265,0.372419807,0.351154008,0.376767817,0.383391725,0.361475593
Newark and Sherwood,E07000175,0.335910854,0.349200915,0.347476432,0.362721796,0.374381463,0.367999419,0.357794455,0.384220099,0.370472358,0.374603877
Rushcliffe,E07000176,0.325713808,0.325884998,0.339094852,0.357989877,0.354328545,0.369948844,0.337134467,0.356410441,0.329400902,0.35162762
"Herefordshire, County of",E06000019,0.307202525,0.300898937,0.295391706,0.303201829,0.299577891,0.301723221,0.320472564,0.294966277,0.301137906,0.288471326
Telford and Wrekin,E06000020,0.331806507,0.322405129,0.31804449,0.324944314,0.313887625,0.315745657,0.33016802,0.331087736,0.333960845,0.321878035
Stoke-on-Trent,E06000021,0.324463392,0.317713106,0.309079994,0.319134466,0.316470094,0.304106776,0.321648833,0.32954937,0.328628948,0.336515895
Shropshire,E06000051,0.256110394,0.257873053,0.254950826,0.261103526,0.246903531,0.24720503,0.252825003,0.261029605,0.2582756,0.262400753
Cannock Chase,E07000192,0.389491374,0.373223683,0.389163385,0.380157576,0.381676031,0.380288579,0.394579867,0.364076476,0.37496608,0.354040912
East Staffordshire,E07000193,0.357815263,0.332596178,0.349599052,0.353784334,0.352647539,0.369877522,0.34153627,0.346345226,0.338809686,0.336815304
Lichfield,E07000194,0.333848944,0.330377774,0.296760635,0.297998674,0.306074881,0.287867268,0.310450799,0.318036037,0.328857483,0.314795709
Newcastle-under-Lyme,E07000195,0.345603088,0.321937673,0.317338168,0.336692645,0.333267624,0.33015489,0.334320549,0.351738867,0.336948061,0.360537826
South Staffordshire,E07000196,0.420245021,0.414245144,0.419100523,0.42125347,0.433149728,0.421434709,0.43075107,0.433049713,0.407179135,0.403324307
Stafford,E07000197,0.329520107,0.330882179,0.319602557,0.330288984,0.318644799,0.324897481,0.33259139,0.325887754,0.33181767,0.323839755
Staffordshire Moorlands,E07000198,0.42610195,0.401161712,0.409707009,0.438956926,0.441820729,0.417813855,0.422719252,0.435851797,0.429423746,0.431394151
Tamworth,E07000199,0.386191289,0.354307994,0.362440479,0.362294737,0.37434012,0.365355171,0.373245865,0.371908819,0.378484368,0.386464176
North Warwickshire,E07000218,0.488475185,0.484569587,0.49431067,0.492134053,0.511844106,0.507615091,0.511718919,0.540797767,0.542519144,0.548492445
Nuneaton and Bedworth,E07000219,0.333260034,0.341501302,0.339043221,0.351992014,0.34445212,0.328332188,0.33913235,0.326070274,0.344153133,0.361956983
Rugby,E07000220,0.351855086,0.340604999,0.337325137,0.318255295,0.346782754,0.343952094,0.366921332,0.380757467,0.385006501,0.391370186
Stratford-on-Avon,E07000221,0.363031063,0.372183669,0.389317205,0.373164261,0.378049882,0.380769625,0.388518161,0.38558226,0.393248875,0.413448791
Warwick,E07000222,0.297147386,0.299888338,0.309120413,0.312463774,0.309185798,0.316340505,0.324618798,0.330936798,0.314755409,0.316083658
Bromsgrove,E07000234,0.321081737,0.380734497,0.413761088,0.371304326,0.373222962,0.375808189,0.320811214,0.317142918,0.316887436,0.317019918
Malvern Hills,E07000235,0.371530255,0.375375961,0.376875624,0.379710535,0.382617788,0.370106295,0.382407854,0.378502359,0.383723625,0.377812174
Redditch,E07000236,0.369079858,0.35549501,0.335112537,0.353859144,0.362258364,0.344950845,0.343138837,0.346487985,0.355322289,0.342391235
Worcester,E07000237,0.306827495,0.301952397,0.298516429,0.302801779,0.300979629,0.292310124,0.302876608,0.302992648,0.291713897,0.297369264
Wychavon,E07000238,0.347747814,0.34784988,0.357688118,0.365117535,0.358484204,0.344129101,0.366524144,0.355752178,0.342102256,0.346922069
Wyre Forest,E07000239,0.333126028,0.316295516,0.310535856,0.333706365,0.347563696,0.341096158,0.3717997,0.334982744,0.345334697,0.349900825
Birmingham,E08000025,0.195695204,0.183665207,0.17963261,0.193890545,0.197884288,0.201027266,0.210080347,0.219807679,0.202644263,0.200769398
Coventry,E08000026,0.294129009,0.285654421,0.283562555,0.292524645,0.295066321,0.280506045,0.28770908,0.277872096,0.291967285,0.301613918
Dudley,E08000027,0.299616744,0.287872476,0.29338952,0.286275167,0.295641896,0.290238167,0.303741543,0.29611855,0.291399026,0.28472575
Sandwell,E08000028,0.399987577,0.372205,0.369180008,0.364565301,0.366607922,0.355650004,0.385322367,0.360923596,0.35369322,0.347280258
Solihull,E08000029,0.316262668,0.303034856,0.313041916,0.375478067,0.388987096,0.387833651,0.396468238,0.405316654,0.375330256,0.374311587
Walsall,E08000030,0.318300876,0.31074436,0.316921768,0.338838209,0.322162262,0.325442038,0.334579039,0.337698435,0.348047932,0.325543398
Wolverhampton,E08000031,0.284303342,0.28713376,0.27274057,0.27853825,0.274352888,0.281264785,0.291032384,0.298286654,0.29342366,0.297446779
Peterborough,E06000031,0.313414608,0.306953242,0.301225398,0.290546593,0.284097538,0.281056228,0.300610627,0.295477127,0.300936671,0.298963421
Luton,E06000032,0.305962173,0.324585876,0.320761845,0.324139091,0.316580604,0.326346033,0.336918557,0.38095823,0.377201023,0.369940108
Southend-on-Sea,E06000033,0.272997489,0.282742766,0.288299567,0.290076097,0.296504525,0.294589938,0.292231903,0.29971682,0.281475912,0.296466954
Thurrock,E06000034,0.378730947,0.375504158,0.370550842,0.377377902,0.368518495,0.388810219,0.415323295,0.414096254,0.408044593,0.428400428
Bedford,E06000055,0.267844748,0.270609729,0.258105531,0.26437381,0.25468597,0.256286995,0.277028999,0.274440344,0.269955412,0.269225678
Central Bedfordshire,E06000056,0.275291373,0.294582896,0.286739182,0.289950653,0.277909956,0.287801569,0.296236518,0.294783406,0.284114161,0.294994137
Cambridge,E07000008,0.393982216,0.391884031,0.390372571,0.415866012,0.425754725,0.420688334,0.439352865,0.433608356,0.430580694,0.462084487
East Cambridgeshire,E07000009,0.39052585,0.406928837,0.384013795,0.397190891,0.385268148,0.385737044,0.384010056,0.364411296,0.381912978,0.387436563
Fenland,E07000010,0.421227969,0.427138924,0.428843794,0.428249261,0.440223956,0.44214623,0.444273139,0.426776282,0.437414098,0.438173531
Huntingdonshire,E07000011,0.283794146,0.288885934,0.267370439,0.289792179,0.275536164,0.271602251,0.281025916,0.286837742,0.270641094,0.280366439
South Cambridgeshire,E07000012,0.380623502,0.377375629,0.371623832,0.372830061,0.402337908,0.38525558,0.40338464,0.390306414,0.391919617,0.377432685
Basildon,E07000066,0.310440391,0.295354639,0.29094492,0.286748004,0.283585133,0.278252266,0.278094012,0.284544309,0.283917029,0.288677787
Braintree,E07000067,0.314114731,0.296180631,0.302501109,0.30185147,0.29541605,0.289836869,0.301991443,0.322315322,0.293557158,0.305294849
Brentwood,E07000068,0.350061168,0.344735452,0.338227904,0.34957454,0.345387349,0.347574703,0.352112949,0.34425134,0.334768607,0.338254949
Castle Point,E07000069,0.379870053,0.394238451,0.374943035,0.378554091,0.386131446,0.386578697,0.394445613,0.38806625,0.375246875,0.388132428
Chelmsford,E07000070,0.261928985,0.255340202,0.26341672,0.263374769,0.253038714,0.2457734,0.244088506,0.249637373,0.240565235,0.27240449
Colchester,E07000071,0.24780216,0.245220519,0.24889511,0.242910359,0.248512824,0.243999386,0.245408471,0.264594205,0.250474925,0.257177023
Epping Forest,E07000072,0.334098196,0.321444603,0.315148211,0.307446388,0.289839306,0.309947847,0.294984444,0.317190022,0.308096866,0.324651158
Harlow,E07000073,0.357702849,0.351260864,0.348094867,0.353889052,0.343603442,0.332712138,0.347021768,0.351110984,0.343319879,0.353636881
Maldon,E07000074,0.370169619,0.365620756,0.37758517,0.377034002,0.370535532,0.387946152,0.385253079,0.390185531,0.367654531,0.367399529
Rochford,E07000075,0.363349389,0.355418333,0.349190455,0.345012253,0.345806657,0.360396148,0.377014899,0.370254492,0.36181267,0.355916989
Tendring,E07000076,0.36584824,0.362748173,0.361820419,0.362849939,0.359668271,0.360689509,0.354337559,0.365693656,0.354866564,0.37020006
Uttlesford,E07000077,0.353976838,0.359453511,0.372798199,0.368786912,0.359164901,0.359892396,0.361870928,0.370588716,0.383720839,0.417608381
Broxbourne,E07000095,0.419769255,0.389147001,0.376265118,0.359807853,0.3680602,0.38004352,0.368125372,0.388099002,0.381535048,0.378028757
Dacorum,E07000096,0.318606094,0.326893097,0.308159055,0.315482437,0.415224205,0.412479404,0.498604187,0.492719644,0.512516112,0.521831109
Hertsmere,E07000098,0.340028829,0.342365349,0.333306491,0.340251111,0.351316206,0.338198694,0.342247012,0.345766478,0.360115329,0.368793777
North Hertfordshire,E07000099,0.3228172,0.308818473,0.315238227,0.319147235,0.314083504,0.309173675,0.321084764,0.334630098,0.3094301,0.317070057
Three Rivers,E07000102,0.459666752,0.434035723,0.431003041,0.459398221,0.465415294,0.44097593,0.446322885,0.429358007,0.421611962,0.436368341
Watford,E07000103,0.474327884,0.485271229,0.481403228,0.448596008,0.349965427,0.380511366,0.383914058,0.368925141,0.380723474,0.394087447
Breckland,E07000143,0.383557126,0.36465828,0.36142109,0.359869361,0.371342225,0.3633814,0.384199462,0.369423004,0.365221036,0.370590003
Broadland,E07000144,0.345257275,0.348838566,0.339146,0.351160015,0.351503206,0.36299246,0.363935046,0.362937023,0.349010805,0.373145233
Great Yarmouth,E07000145,0.377068708,0.386835329,0.383799604,0.387036065,0.375140251,0.386441113,0.399026265,0.392025524,0.388437073,0.385382377
King's Lynn and West Norfolk,E07000146,0.321577103,0.329136054,0.316436273,0.320289698,0.322357185,0.318181482,0.327247273,0.330986116,0.316976102,0.326453933
North Norfolk,E07000147,0.406247833,0.393201769,0.398706596,0.398431027,0.389542664,0.399703965,0.396363734,0.41315832,0.402211169,0.408383339
Norwich,E07000148,0.311710825,0.336303648,0.318875736,0.321213236,0.313793644,0.305376952,0.299195499,0.303657035,0.295059211,0.306249968
South Norfolk,E07000149,0.360637666,0.356199007,0.353509163,0.35901858,0.373474282,0.352433255,0.360320966,0.372077613,0.376231314,0.374846711
Babergh,E07000200,0.360447204,0.359543808,0.369004613,0.375946937,0.364722339,0.372111526,0.38234395,0.357938009,0.346330305,0.367964236
Ipswich,E07000202,0.282476719,0.293406266,0.286448756,0.293701084,0.295916392,0.282164875,0.282181771,0.286895419,0.298423028,0.295555999
Mid Suffolk,E07000203,0.420823647,0.404964617,0.405337881,0.411705604,0.407965212,0.395890329,0.412239282,0.419660287,0.38585135,0.40337942
St Albans,E07000240,0.312631985,0.33655587,0.324925522,0.348252496,0.344205821,0.337286454,0.349119717,0.293639317,0.306625892,0.304279538
Welwyn Hatfield,E07000241,0.380381642,0.379589177,0.422340749,0.422689424,0.423626486,0.416293777,0.420862716,0.38738053,0.403650579,0.37932402
East Hertfordshire,E07000242,0.297544281,0.295145762,0.321344406,0.372576399,0.32581014,0.325204516,0.344879859,0.333714499,0.326839503,0.322131974
Stevenage,E07000243,0.345782325,0.338612667,0.338856008,0.350868719,0.357955538,0.349381845,0.355042545,0.393960756,0.384868204,0.382669573
East Suffolk,E07000244,0.341379922,0.337033725,0.344802178,0.348454487,0.339441559,0.340336855,0.35962128,0.356065322,0.350300846,0.350412474
West Suffolk,E07000245,0.313011046,0.332140051,0.341220531,0.347588285,0.354261381,0.344177863,0.346713178,0.341284037,0.354350903,0.344436358
City of London,E09000001,0.636018673,0.623217662,0.626575225,0.611867403,0.613864312,0.623076576,0.63379715,0.629123306,0.632050193,0.636854468
Barking and Dagenham,E09000002,0.385028018,0.377752983,0.38412853,0.381369951,0.397998228,0.392548017,0.372778494,0.374300431,0.383419929,0.384540994
Barnet,E09000003,0.266389207,0.261307984,0.263592504,0.274042382,0.273239472,0.277729542,0.265950133,0.275363953,0.272498265,0.275204034
Bexley,E09000004,0.321269609,0.317661029,0.327178226,0.318610995,0.329990679,0.335662262,0.331827611,0.325207289,0.320715239,0.32814669
Brent,E09000005,0.287257407,0.272101725,0.285836355,0.299191506,0.294045388,0.291962698,0.286208054,0.287830656,0.284491837,0.28849383
Bromley,E09000006,0.277992756,0.280358048,0.280437131,0.280202777,0.281666783,0.293995272,0.279782164,0.275710601,0.273996551,0.273480817
Camden,E09000007,0.389045574,0.392695555,0.377080417,0.389065338,0.394762234,0.382839461,0.388806505,0.38350204,0.384128957,0.387827877
Croydon,E09000008,0.271123483,0.259267355,0.271336071,0.264674349,0.266049871,0.277826649,0.276248419,0.271263908,0.271743822,0.269363024
Ealing,E09000009,0.291594164,0.293820396,0.297542325,0.282025326,0.294290028,0.292578683,0.283442952,0.282013587,0.294388461,0.30111056
Enfield,E09000010,0.26791079,0.259967482,0.266992858,0.269119431,0.267445693,0.273595278,0.26646161,0.269506965,0.27568304,0.289509578
Greenwich,E09000011,0.277719988,0.274261144,0.271553278,0.26849969,0.276135525,0.273210143,0.268750422,0.270244902,0.277891651,0.287431577
Hackney,E09000012,0.351603795,0.379550436,0.356586225,0.358494119,0.35494328,0.342174602,0.356349311,0.359902302,0.353424283,0.363147658
Hammersmith and Fulham,E09000013,0.377074483,0.395231904,0.376109296,0.378889201,0.369704676,0.378964947,0.372538701,0.373084661,0.369290257,0.381752597
Haringey,E09000014,0.342591663,0.32802011,0.340700774,0.353987951,0.332085949,0.339766103,0.322457187,0.331880026,0.330263723,0.3576375
Harrow,E09000015,0.292235639,0.278404426,0.282531684,0.291611522,0.280604422,0.292508559,0.287138501,0.284764083,0.288990473,0.283298407
Havering,E09000016,0.284212818,0.274340401,0.293731313,0.281487121,0.295392992,0.29629308,0.297140426,0.278179289,0.296285254,0.291961138
Hillingdon,E09000017,0.348262946,0.346272691,0.334781442,0.333955608,0.345938533,0.356773012,0.334037392,0.344077692,0.346358948,0.34140421
Hounslow,E09000018,0.426278551,0.422709815,0.401269554,0.39984259,0.408380948,0.397215133,0.394314319,0.410484602,0.395983767,0.390196527
Islington,E09000019,0.416666322,0.427364849,0.416648399,0.418732102,0.413412589,0.409344146,0.425027425,0.409977183,0.418975646,0.414990292
Kensington and Chelsea,E09000020,0.423080669,0.430609819,0.422230975,0.434257915,0.429049387,0.432589614,0.431377757,0.425484924,0.41365241,0.414655245
Kingston upon Thames,E09000021,0.300761929,0.297890283,0.315457062,0.309327145,0.297791585,0.298159344,0.288143228,0.281984166,0.278443668,0.277768886
Lambeth,E09000022,0.381812883,0.364616669,0.352197894,0.353396592,0.349293348,0.342405748,0.347170903,0.341146957,0.349818613,0.343781101
Lewisham,E09000023,0.311065346,0.31080145,0.317761392,0.308282559,0.305024472,0.310571724,0.326209461,0.337426007,0.313725484,0.320721482
Merton,E09000024,0.27839255,0.300070936,0.304182757,0.300333079,0.291049825,0.299386362,0.290111562,0.276034633,0.287376562,0.277009151
Newham,E09000025,0.320556459,0.323041781,0.33243724,0.337803464,0.336820853,0.354261907,0.340202189,0.35383424,0.354099935,0.353000928
Redbridge,E09000026,0.284390654,0.278213027,0.281510264,0.28284409,0.276854509,0.284977822,0.284004244,0.295537851,0.294760764,0.296792749
Richmond upon Thames,E09000027,0.342616873,0.344671467,0.333403224,0.332098786,0.321462147,0.332386232,0.323991132,0.334500735,0.328308662,0.318965188
Southwark,E09000028,0.353679704,0.358228759,0.34336069,0.349244144,0.352447676,0.347875077,0.358345451,0.383494201,0.38565424,0.377106826
Sutton,E09000029,0.308217975,0.298068382,0.292345052,0.298843334,0.298193378,0.313813652,0.339359731,0.369233011,0.31731943,0.324182586
Tower Hamlets,E09000030,0.455490009,0.447115639,0.431456248,0.43578714,0.441579315,0.426583686,0.443252495,0.44034746,0.447875986,0.447157374
Waltham Forest,E09000031,0.321692979,0.317858732,0.32520189,0.33032909,0.330082049,0.338033122,0.32964622,0.338151951,0.387457555,0.370543014
Wandsworth,E09000032,0.303191894,0.305309641,0.298405768,0.307965096,0.304975036,0.318714838,0.311085953,0.321986043,0.325031677,0.321649338
Westminster,E09000033,0.452320996,0.453181618,0.442127838,0.441512593,0.44618551,0.445040698,0.442282877,0.44141975,0.43217022,0.441154931
Medway,E06000035,0.287593827,0.244536643,0.251166964,0.24387958,0.249803715,0.247985337,0.242519614,0.250742344,0.253439118,0.251844848
Bracknell Forest,E06000036,0.413746229,0.401370813,0.39110364,0.386216859,0.391265461,0.393943979,0.388672733,0.383541959,0.391719066,0.432816814
West Berkshire,E06000037,0.338644519,0.341743005,0.33126472,0.323624943,0.325225483,0.337846371,0.335223884,0.35649521,0.363729866,0.362767087
Reading,E06000038,0.312536939,0.305845188,0.30614072,0.315587762,0.319134664,0.341997738,0.335646357,0.338328901,0.336859131,0.335461395
Slough,E06000039,0.391532503,0.394371115,0.379963361,0.367082828,0.357572704,0.358198973,0.358843844,0.362918648,0.348534154,0.347451172
Windsor and Maidenhead,E06000040,0.33488091,0.35946329,0.354891245,0.353860928,0.347879219,0.349523198,0.334408146,0.383075001,0.370821936,0.386357044
Wokingham,E06000041,0.397441754,0.411201449,0.405670859,0.409672604,0.40006307,0.409607633,0.397553446,0.405132687,0.410860519,0.41441507
Milton Keynes,E06000042,0.302412179,0.312134879,0.308688862,0.30137962,0.299968216,0.298971935,0.292541414,0.297463157,0.300821961,0.30449617
Brighton and Hove,E06000043,0.276843067,0.27034544,0.280128388,0.279598308,0.284269567,0.291289524,0.280136256,0.291473652,0.294054656,0.288209769
Portsmouth,E06000044,0.312673604,0.313848995,0.319398586,0.312780904,0.314929157,0.311001175,0.31597698,0.311978878,0.313607939,0.300391028
Southampton,E06000045,0.330667994,0.323174614,0.317782947,0.315048634,0.311400132,0.309510788,0.312355513,0.299548613,0.298858582,0.296120084
Isle of Wight,E06000046,0.355146249,0.339085376,0.357778121,0.356766344,0.362989241,0.359883621,0.346951307,0.35022006,0.381868274,0.364153513
Buckinghamshire,E06000060,0.218197651,0.223985331,0.211997562,0.222518024,0.230238006,0.234589568,0.223127352,0.232786386,0.220107007,0.224376685
Eastbourne,E07000061,0.334053055,0.320021217,0.341100439,0.331013813,0.342743584,0.322576076,0.32666647,0.325978291,0.347215083,0.343821487
Hastings,E07000062,0.322081063,0.320184848,0.340505169,0.333737919,0.340882437,0.346842976,0.355306259,0.34300099,0.345954876,0.348756751
Lewes,E07000063,0.332716815,0.322760474,0.320142306,0.316944016,0.331851838,0.338320423,0.334567131,0.328043219,0.343559395,0.356105163
Rother,E07000064,0.359041482,0.335464906,0.377382963,0.357037565,0.363336908,0.360978775,0.349998838,0.35181116,0.405555039,0.35373209
Wealden,E07000065,0.320610703,0.306673197,0.315886068,0.309883801,0.326061678,0.329204418,0.299328285,0.31844923,0.326197665,0.322329364
Basingstoke and Deane,E07000084,0.26590922,0.280662819,0.273295389,0.288822746,0.289897119,0.28704767,0.284169524,0.292631535,0.278897747,0.27535796
East Hampshire,E07000085,0.318521548,0.311709089,0.316954777,0.3141667,0.320433144,0.308371489,0.305832671,0.300061469,0.309648602,0.308234071
Eastleigh,E07000086,0.309659708,0.30623077,0.314937305,0.322266479,0.322883276,0.321886988,0.310162025,0.320737448,0.304140085,0.304324974
Fareham,E07000087,0.28141126,0.282272669,0.287238615,0.295804741,0.292254177,0.29641841,0.296484491,0.300662598,0.316624854,0.317976662
Gosport,E07000088,0.405198966,0.408519703,0.409124811,0.415014114,0.432635714,0.443187599,0.441047506,0.432976014,0.442062674,0.439691105
Hart,E07000089,0.410579277,0.410013454,0.400134733,0.400262326,0.396049194,0.376552305,0.375943136,0.390185483,0.396129257,0.384904608
Havant,E07000090,0.376745106,0.355693674,0.353397589,0.341235594,0.356774447,0.362494446,0.332580156,0.321239356,0.329084721,0.313524265
New Forest,E07000091,0.308617668,0.309520808,0.313232529,0.315811717,0.315387406,0.30142924,0.2940179,0.304564439,0.313801109,0.305018399
Rushmoor,E07000092,0.383808136,0.385021092,0.377631596,0.38974324,0.389658133,0.388131996,0.401016952,0.417362325,0.417807324,0.414984138
Test Valley,E07000093,0.324970401,0.318330623,0.303718258,0.320481219,0.319700476,0.311889801,0.298153989,0.318363953,0.334500939,0.331049399
Winchester,E07000094,0.29969871,0.28972581,0.299639694,0.300317803,0.316440908,0.295076568,0.305752272,0.301168107,0.321335074,0.323600958
Ashford,E07000105,0.270670872,0.25868775,0.270462914,0.271979314,0.278470953,0.275971496,0.271156961,0.279408789,0.285220617,0.281946485
Canterbury,E07000106,0.289512381,0.289942917,0.321447527,0.310638806,0.30404677,0.298999334,0.302256474,0.298071284,0.29482605,0.293466561
Dartford,E07000107,0.38201699,0.370344876,0.345958168,0.345276171,0.354785192,0.359805712,0.382226101,0.396246103,0.382463311,0.394057882
Dover,E07000108,0.376288282,0.370652756,0.377503062,0.369563394,0.373550659,0.365784899,0.368725166,0.37572573,0.378170727,0.37264052
Gravesham,E07000109,0.349334961,0.340901781,0.351269395,0.348112929,0.356775799,0.359113766,0.370741603,0.347952003,0.3790227,0.38796994
Maidstone,E07000110,0.253837814,0.261511342,0.263220956,0.255731064,0.253239449,0.25502421,0.243726714,0.228921111,0.239477866,0.267043343
Sevenoaks,E07000111,0.329228572,0.34204165,0.364717167,0.341797315,0.341955409,0.347392101,0.334937243,0.341191775,0.343577439,0.350447981
Folkestone and Hythe,E07000112,0.328146247,0.311588113,0.33404049,0.333737334,0.354303614,0.340334235,0.354953819,0.35323172,0.368088399,0.355053338
Swale,E07000113,0.345330026,0.347702413,0.356922311,0.367690399,0.36634486,0.363340079,0.352213188,0.358746555,0.3475203,0.367537834
Thanet,E07000114,0.318358078,0.31635238,0.333350905,0.336077653,0.342297429,0.31578449,0.319769975,0.296082899,0.315181667,0.311854938
Tonbridge and Malling,E07000115,0.298263178,0.304377222,0.304317824,0.30211947,0.298772803,0.296807426,0.312324047,0.321218381,0.312896189,0.318344995
Tunbridge Wells,E07000116,0.340477139,0.296094657,0.283929994,0.289600704,0.297368367,0.289510358,0.289895295,0.282006467,0.299138106,0.292308535
Cherwell,E07000177,0.284444717,0.281939421,0.285896104,0.292186137,0.293056591,0.297561152,0.300296899,0.289491962,0.309730772,0.302835005
Oxford,E07000178,0.426350418,0.415878483,0.414965978,0.420814454,0.425701133,0.423939732,0.418546391,0.433198759,0.422986539,0.432176615
South Oxfordshire,E07000179,0.310303231,0.323263008,0.305991823,0.314264989,0.317849983,0.303152237,0.299551369,0.304965407,0.314345882,0.317577153
Vale of White Horse,E07000180,0.351551596,0.34123597,0.348724642,0.355161321,0.352531545,0.349814211,0.349445305,0.364739414,0.366434285,0.372987771
West Oxfordshire,E07000181,0.322831316,0.321627865,0.341436285,0.326966705,0.331723285,0.326246052,0.324941409,0.32375111,0.340734641,0.346368148
Elmbridge,E07000207,0.320118683,0.328097102,0.320843224,0.328039451,0.327463985,0.324960406,0.309391152,0.328655618,0.32242322,0.325345399
Epsom and Ewell,E07000208,0.319720073,0.336115272,0.327982333,0.3368061,0.335129993,0.333125405,0.33280218,0.347108374,0.343987898,0.344691459
Guildford,E07000209,0.301646572,0.296246343,0.289267604,0.30246441,0.303845427,0.296925168,0.300305205,0.314781723,0.304487177,0.311244687
Mole Valley,E07000210,0.337333468,0.34349423,0.333109883,0.329056707,0.338349802,0.339045297,0.325240466,0.344836049,0.363595346,0.351026396
Reigate and Banstead,E07000211,0.307459753,0.312877192,0.314519051,0.323779865,0.3262093,0.311084997,0.306628514,0.312177166,0.300203475,0.317837138
Runnymede,E07000212,0.408312458,0.42537899,0.428583134,0.406811338,0.415030279,0.423304906,0.417480027,0.421515995,0.376339822,0.367890913
Spelthorne,E07000213,0.312504586,0.328727093,0.316461937,0.324643432,0.341967642,0.332618855,0.346519401,0.353120406,0.353299767,0.354615735
Surrey Heath,E07000214,0.356185684,0.337862711,0.35867432,0.367802407,0.365230417,0.339373915,0.359983373,0.330163376,0.343334405,0.341427427
Tandridge,E07000215,0.335044601,0.319977378,0.35117782,0.338314964,0.336979136,0.349569524,0.332627352,0.345598429,0.348391267,0.342519906
Waverley,E07000216,0.331167931,0.326063771,0.324077091,0.316470389,0.330447982,0.336126155,0.328300906,0.323306984,0.324330544,0.323868682
Woking,E07000217,0.341709813,0.334880616,0.32900541,0.338335422,0.348222123,0.351783302,0.341047864,0.351401176,0.348674715,0.346387099
Adur,E07000223,0.362050434,0.368459952,0.377060569,0.377732888,0.391092885,0.388252596,0.379162734,0.383144206,0.39133887,0.386808316
Arun,E07000224,0.323514381,0.310063278,0.334689328,0.314800529,0.322144448,0.32396803,0.33906352,0.327764702,0.329293465,0.321091219
Chichester,E07000225,0.302587917,0.295037673,0.305549282,0.282587413,0.298063228,0.29430005,0.280976994,0.275764303,0.277536268,0.281537451
Crawley,E07000226,0.432515792,0.440359746,0.435421743,0.44156018,0.435989718,0.435005346,0.436105477,0.424696553,0.431651068,0.44485825
Horsham,E07000227,0.318564495,0.317188819,0.334047178,0.313842796,0.320063756,0.32327197,0.300642549,0.31460333,0.319734468,0.317753995
Mid Sussex,E07000228,0.282673882,0.283684378,0.280248063,0.273555166,0.291177307,0.283588956,0.283105278,0.284187184,0.293697803,0.293450172
Worthing,E07000229,0.310095935,0.312558423,0.338086498,0.322223385,0.333272463,0.328226231,0.31951184,0.322135318,0.324470583,0.309472163
Bath and North East Somerset,E06000022,0.276661119,0.289819063,0.289357126,0.290158937,0.287924876,0.28056354,0.28846722,0.289043112,0.301440111,0.301021092
"Bristol, City of",E06000023,0.226692299,0.208850126,0.21537246,0.219374182,0.226777993,0.227879835,0.223595513,0.224444215,0.235299073,0.239035384
North Somerset,E06000024,0.261247089,0.266936155,0.277419294,0.282231802,0.276446528,0.275879121,0.282891126,0.266581493,0.28434351,0.285447609
South Gloucestershire,E06000025,0.321488459,0.322066701,0.318880148,0.317675969,0.313999426,0.322588535,0.329046019,0.327299215,0.335160249,0.337370205
Plymouth,E06000026,0.294704979,0.302722801,0.298202463,0.292662177,0.301358019,0.292532577,0.305440025,0.300670177,0.301960431,0.293385616
Torbay,E06000027,0.346035617,0.339850647,0.341141309,0.341304156,0.331028151,0.315307395,0.340336065,0.3482034,0.335104293,0.327792366
Swindon,E06000030,0.290592712,0.288444073,0.295927277,0.294268072,0.309981741,0.303210793,0.316847848,0.313407002,0.302561818,0.299730788
Cornwall,E06000052,0.257391875,0.266939484,0.258849975,0.263327248,0.266756379,0.258091731,0.267711413,0.264928272,0.270725964,0.261304176
Isles of Scilly,E06000053,0.661156151,0.687603873,0.670148305,0.698179377,0.705344644,0.718605075,0.691827842,0.704093543,0.691871999,0.689821434
Wiltshire,E06000054,0.267047373,0.27448679,0.266541726,0.269441167,0.266688654,0.271028908,0.268308401,0.261302668,0.264274512,0.257935041
"Bournemouth, Christchurch and Poole",E06000058,0.215807739,0.219839801,0.220462099,0.219484359,0.217778352,0.214748644,0.235699623,0.221972297,0.217713729,0.214800771
Dorset,E06000059,0.259220836,0.266283073,0.260964726,0.267458358,0.270332533,0.264844843,0.277195813,0.284354965,0.263051315,0.252856131
East Devon,E07000040,0.35279453,0.356766527,0.339596725,0.344913331,0.337896711,0.330646616,0.349626432,0.341841308,0.341252289,0.334431639
Exeter,E07000041,0.297460474,0.305879801,0.301252935,0.30198707,0.309068348,0.314977192,0.314034175,0.31411302,0.324733965,0.322498313
Mid Devon,E07000042,0.392977933,0.407451201,0.393062361,0.403590734,0.416458521,0.408569288,0.422499764,0.406823662,0.423056104,0.397592363
North Devon,E07000043,0.322041477,0.332417351,0.331414337,0.322143745,0.332118613,0.320459114,0.339029545,0.337688557,0.330473058,0.327987071
South Hams,E07000044,0.35046019,0.367038797,0.355114443,0.365169217,0.363463017,0.365839249,0.376151601,0.365772804,0.36945147,0.34811202
Teignbridge,E07000045,0.303302266,0.302177598,0.309692785,0.324100504,0.319759729,0.312529454,0.321233011,0.325776989,0.31238507,0.31219648
Torridge,E07000046,0.411904734,0.422335062,0.412348081,0.424614518,0.407544596,0.416564342,0.424419545,0.420834933,0.444624498,0.416086629
West Devon,E07000047,0.422062776,0.434919021,0.42113908,0.420003454,0.430350726,0.429667963,0.435619547,0.427459955,0.429368301,0.420891478
Cheltenham,E07000078,0.321420711,0.297409904,0.301092824,0.304796191,0.29892077,0.301575272,0.302721332,0.305388602,0.301155037,0.326770085
Cotswold,E07000079,0.359776847,0.359195433,0.352168197,0.349969554,0.345579039,0.359472141,0.351166499,0.355097048,0.353188654,0.33900274
Forest of Dean,E07000080,0.395858477,0.413218123,0.394001188,0.401586238,0.378971275,0.385383013,0.382102098,0.381120118,0.373124389,0.366598129
Gloucester,E07000081,0.290190929,0.274803469,0.286902885,0.278841299,0.282214917,0.279857485,0.282839309,0.29580217,0.294536629,0.298864268
Stroud,E07000082,0.345957555,0.347131675,0.342044103,0.349555498,0.335729994,0.345957653,0.320618282,0.345619976,0.346397894,0.350111906
Tewkesbury,E07000083,0.4041856,0.388036215,0.382346259,0.374124132,0.37892625,0.369447466,0.381957341,0.390325385,0.378244866,0.373814095
Somerset,E06000066,0.239563998,0.243580167,0.227507088,0.237203964,0.235825651,0.220499983,0.239352986,0.230793902,0.234639003,0.231564126
Isle of Anglesey,W06000001,0.442528755,0.440858241,0.411549418,0.418194929,0.422255429,0.419708376,0.417312011,0.414152757,0.396328815,0.397257029
Gwynedd,W06000002,0.364659846,0.369778949,0.353977466,0.373959194,0.370249449,0.368546865,0.36414243,0.362378031,0.365598773,0.37257635
Conwy,W06000003,0.336975461,0.348937372,0.317375144,0.322974045,0.340578395,0.320459765,0.331956058,0.322059612,0.315731438,0.318729255
Denbighshire,W06000004,0.357232176,0.354893891,0.338359486,0.363838234,0.35826734,0.359386196,0.349214534,0.349577122,0.366318488,0.38236591
Flintshire,W06000005,0.397710655,0.395984061,0.377595678,0.386736923,0.384281953,0.385673192,0.386712113,0.376056253,0.363682694,0.364281523
Wrexham,W06000006,0.344285414,0.33497111,0.321970445,0.331939196,0.350375722,0.368291751,0.372802306,0.36140855,0.351840213,0.37411274
Ceredigion,W06000008,0.39596076,0.397250568,0.375021534,0.374610664,0.379300043,0.379103623,0.376227038,0.374396764,0.372578712,0.380665582
Pembrokeshire,W06000009,0.360856412,0.35645176,0.333703163,0.35211279,0.360233398,0.355692671,0.343118037,0.359476709,0.350034672,0.361631832
Carmarthenshire,W06000010,0.33578559,0.316624878,0.309006038,0.316904014,0.323162565,0.313770755,0.332461843,0.327966624,0.325092927,0.336193113
Swansea,W06000011,0.293278917,0.294825098,0.285873848,0.289399287,0.312037506,0.29680266,0.293314863,0.303704562,0.292896575,0.298071005
Neath Port Talbot,W06000012,0.357711628,0.367587477,0.346214035,0.360646797,0.365683239,0.362078005,0.365428801,0.360201288,0.354398738,0.350413969
Bridgend,W06000013,0.350137726,0.338755445,0.328597733,0.331494931,0.368719604,0.351775127,0.354084719,0.352395344,0.342834489,0.342119986
Vale of Glamorgan,W06000014,0.390528217,0.386229765,0.347257335,0.375259103,0.360805036,0.358319662,0.348547255,0.380821452,0.372544961,0.368709765
Cardiff,W06000015,0.268527029,0.270167951,0.271215937,0.279675722,0.282429871,0.288072937,0.290922592,0.283862026,0.279706367,0.287525568
Rhondda Cynon Taf,W06000016,0.326919084,0.327825378,0.311382364,0.332314716,0.307765474,0.321850844,0.329230012,0.337111648,0.318678281,0.312924351
Caerphilly,W06000018,0.384545012,0.389454746,0.377489143,0.38760248,0.391553525,0.387730556,0.374553545,0.385533627,0.383330941,0.376605565
Blaenau Gwent,W06000019,0.462477365,0.457357349,0.443993217,0.441738645,0.458179253,0.446339145,0.461766627,0.458308634,0.468011964,0.447258986
Torfaen,W06000020,0.363627999,0.353435051,0.347944594,0.365937793,0.36399009,0.357343085,0.369724608,0.364966501,0.359471328,0.359697845
Monmouthshire,W06000021,0.335345309,0.339413549,0.336768094,0.339243006,0.342120706,0.347941425,0.32457176,0.330322159,0.330532827,0.323725041
Newport,W06000022,0.342326279,0.323841315,0.316721059,0.325968148,0.323307909,0.323699692,0.311770922,0.303999604,0.303332276,0.30931179
Powys,W06000023,0.357043765,0.36180769,0.332476025,0.358565304,0.365655972,0.378337183,0.37485908,0.365969007,0.361496555,0.361794525
Merthyr Tydfil,W06000024,0.42012137,0.426001568,0.403321278,0.414744297,0.43199544,0.447456818,0.426231609,0.415185617,0.405704624,0.42127359
Clackmannanshire,S12000005,0.449307238,0.44598636,0.442483918,0.426521438,0.444096925,0.449427244,0.447273225,0.421079208,0.438419941,0.443892077
Dumfries and Galloway,S12000006,0.334623272,0.333361611,0.328316771,0.328612751,0.351807142,0.345231152,0.342943933,0.343304569,0.338890506,0.344725662
East Ayrshire,S12000008,0.355924744,0.385547457,0.362015523,0.357741644,0.373907183,0.371436691,0.378366112,0.374288949,0.376758664,0.383446811
East Lothian,S12000010,0.391577924,0.373334882,0.375699935,0.370375637,0.36838782,0.400184957,0.394090538,0.39708624,0.392483569,0.398972249
East Renfrewshire,S12000011,0.420830628,0.391038788,0.404706537,0.395253298,0.409196935,0.413682494,0.423673314,0.414060599,0.416978189,0.424109219
Na h-Eileanan Siar,S12000013,0.452174849,0.469278152,0.469493388,0.460175487,0.465535355,0.460885945,0.449809107,0.451150154,0.43792065,0.440531695
Falkirk,S12000014,0.38062296,0.368917945,0.361711405,0.367054425,0.370230469,0.37390183,0.374883827,0.3762291,0.408367276,0.414088464
Highland,S12000017,0.307740458,0.311943213,0.317658185,0.306969064,0.314841169,0.309609849,0.314625195,0.308262871,0.305541874,0.318967538
Inverclyde,S12000018,0.366361216,0.370787465,0.346593964,0.346933727,0.379711991,0.400789413,0.397872304,0.382395163,0.403499144,0.402944102
Midlothian,S12000019,0.379611226,0.390201243,0.380783118,0.373101689,0.374453302,0.384265916,0.402901461,0.394291754,0.385626027,0.382997122
Moray,S12000020,0.383182483,0.379620721,0.38472074,0.369575082,0.387171104,0.38703831,0.393365839,0.400266502,0.400093144,0.405533439
North Ayrshire,S12000021,0.349243057,0.361044168,0.344321909,0.346898752,0.35250685,0.355161234,0.360904227,0.360697493,0.353806314,0.366102248
Orkney Islands,S12000023,0.441794908,0.451179372,0.444256357,0.451695968,0.468253956,0.450265969,0.454976236,0.450837455,0.45799676,0.460291466
Scottish Borders,S12000026,0.360752439,0.373244437,0.362812676,0.357764901,0.366945651,0.367056958,0.358900516,0.361723251,0.35545405,0.361605986
Shetland Islands,S12000027,0.467003902,0.439522036,0.451986938,0.454835634,0.446614232,0.462114418,0.464917162,0.458376887,0.461189935,0.455417222
South Ayrshire,S12000028,0.368254158,0.367105388,0.380304904,0.378323605,0.371260578,0.374966027,0.395831744,0.388444503,0.386792229,0.365406337
South Lanarkshire,S12000029,0.290997085,0.28376691,0.274751677,0.263654917,0.266757761,0.281125354,0.304201256,0.284637829,0.278512341,0.283421646
Stirling,S12000030,0.293794948,0.285460605,0.312414872,0.320119507,0.310193988,0.310563615,0.294604576,0.302229425,0.307428589,0.314053875
Aberdeen City,S12000033,0.37458677,0.372459254,0.372956683,0.37199014,0.37517307,0.361677607,0.365976509,0.358488596,0.342174113,0.343579586
Aberdeenshire,S12000034,0.379555604,0.387340076,0.384371896,0.373399631,0.377880714,0.381613117,0.388473883,0.388268517,0.372735316,0.386582863
Argyll and Bute,S12000035,0.422624094,0.413723154,0.409278054,0.418251705,0.425522363,0.415602,0.418079205,0.427687403,0.420149333,0.44167912
City of Edinburgh,S12000036,0.278486644,0.27687352,0.278940276,0.290847421,0.276682846,0.284614784,0.288392454,0.279625356,0.29187199,0.298421543
Renfrewshire,S12000038,0.317416928,0.310717693,0.318843437,0.319005983,0.320676776,0.313123316,0.310894515,0.311947613,0.314666681,0.310035408
West Dunbartonshire,S12000039,0.398034822,0.401060729,0.38759575,0.391240829,0.393635759,0.398067291,0.404993091,0.408011537,0.410666057,0.39982175
West Lothian,S12000040,0.343190516,0.345652309,0.333044156,0.340102644,0.349781259,0.363218059,0.361824499,0.342433128,0.362728547,0.34988674
Angus,S12000041,0.380021219,0.390572579,0.389959295,0.400781122,0.404423461,0.40904233,0.415858494,0.41024967,0.410342018,0.413511335
Dundee City,S12000042,0.333380008,0.346088548,0.342211516,0.333713319,0.32889386,0.345610123,0.338172601,0.326429183,0.334294763,0.345223347
East Dunbartonshire,S12000045,0.394306726,0.401868403,0.386296431,0.378151572,0.379708452,0.390437737,0.403084429,0.397768742,0.403076039,0.409608056
Fife,S12000047,0.309487823,0.304129862,0.292587543,0.274566219,0.278825192,0.281233008,0.292342675,0.286257635,0.297012662,0.295541047
Perth and Kinross,S12000048,0.353518987,0.36110415,0.351536262,0.355082566,0.362704901,0.359656166,0.371346664,0.361525623,0.365902314,0.367573618
Glasgow City,S12000049,0.264185561,0.264480578,0.251439873,0.252773517,0.251970546,0.25420154,0.251391415,0.25999431,0.248986825,0.253496108
North Lanarkshire,S12000050,0.368389281,0.360518612,0.386882743,0.381789912,0.374269844,0.378723935,0.395906766,0.34786022,0.353650897,0.346592722
