AREA_NAME,AREA_CODE,2015,2016,2017,2018,2019,2020,2021,2022,2023
Hartlepool,E06000001,70.8927984,78.13543006,76.34376002,74.15509459,69.22602566,76.64787624,65.16984955,74.7261777,73.67109334
Middlesbrough,E06000002,77.08185583,82.7976859,80.85297678,86.26833275,81.09118432,73.28238255,78.63508708,80.15889963,78.21320727
Redcar and Cleveland,E06000003,76.8563976,74.53866552,69.74203317,68.0822608,73.48235161,74.68967925,69.37337426,75.70638495,70.84419766
Stockton-on-Tees,E06000004,105.453724,110.944068,100.0311036,101.4346822,99.24208793,99.68825379,102.6003502,103.0193854,102.0656543
Darlington,E06000005,73.95053786,74.93033114,75.85570919,79.30052873,75.88848939,73.96094994,73.62790533,74.23587979,74.6974951
County Durham,E06000047,78.0277316,80.63760922,75.45835922,76.65302694,77.4115954,86.41777682,82.00594243,85.15242776,83.60549735
Northumberland,E06000057,83.22884506,83.89617161,78.84581275,81.95736862,85.13787317,86.11068695,83.00766391,83.29784782,83.35379831
Newcastle upon Tyne,E08000021,82.52968976,82.85871102,83.21143595,80.38722066,80.71390589,77.78081222,79.59742316,87.4136818,85.23102828
North Tyneside,E08000022,77.36294899,80.85115112,79.79496521,84.97668243,84.30627353,87.27664052,90.99329137,93.31573031,95.77142667
South Tyneside,E08000023,70.7810466,77.95295217,73.12993788,71.96364088,72.63692357,69.75203167,71.42952684,73.99162061,74.46061284
Sunderland,E08000024,97.99318727,98.40501895,95.66580402,95.48640157,97.44268413,89.36969198,86.06836076,91.40816026,89.25817956
Gateshead,E08000037,72.33614231,76.35461946,75.91801161,71.33490137,75.52580586,73.06489706,77.49635574,75.19172507,75.61358426
Halton,E06000006,110.0402001,105.3641504,102.9687,104.8720442,106.3321236,104.2965139,111.4391552,108.7324846,108.4549593
Warrington,E06000007,93.34716402,86.57010328,90.24290991,90.3472105,90.94901477,96.31616977,97.37138335,97.24553186,90.73870378
Blackburn with Darwen,E06000008,78.02183384,76.59071642,81.7278482,74.3898637,78.79444673,77.02963275,81.13608332,79.18450863,83.61072348
Blackpool,E06000009,72.84310956,76.40787099,77.53457559,78.40014854,76.12766973,68.55316087,69.0565406,73.72554101,72.74833465
Cheshire East,E06000049,118.0058201,117.4142219,112.8371493,118.7059499,114.2589798,118.8932017,112.4056307,111.5330076,111.6643194
Cheshire West and Chester,E06000050,107.0923264,109.0152873,108.3899292,108.6565424,110.6780326,107.3893756,110.3307953,107.5897502,114.0944735
Cumberland,E06000063,85.8302728,84.04913191,78.24352254,75.85282384,75.1074759,70.06553473,68.07820639,73.84114124,72.23805704
Westmorland and Furness,E06000064,78.91679964,76.73931502,83.74218375,81.54268667,81.52981255,83.87925658,89.45010511,89.62134781,89.63890528
Burnley,E07000117,82.41042495,78.80082495,88.21743745,87.56869647,82.31713416,80.51416123,82.70634178,91.62385627,83.88495043
Chorley,E07000118,79.45787241,85.58498679,80.75911107,83.43775522,90.45382384,82.03869557,98.49981051,88.09051086,93.69412635
Fylde,E07000119,91.82245064,103.6982371,102.7349627,91.55383783,95.61892439,109.3038617,96.23152944,94.83140421,94.43436403
Hyndburn,E07000120,79.20415005,84.00132672,77.50817012,63.67403161,74.46653291,71.78226727,85.49110646,78.47373379,74.73960283
Lancaster,E07000121,86.73049441,84.98108026,80.94355226,79.67426201,83.82009987,85.47944037,88.31370835,85.4166349,84.45467762
Pendle,E07000122,70.93485882,71.25165659,75.45674705,78.71667786,72.72116153,77.04332695,91.09178809,76.40326498,79.07661119
Preston,E07000123,86.95231763,92.94887141,87.60504112,85.63459915,84.27798454,78.07917029,80.09659524,78.74823153,80.85013865
Ribble Valley,E07000124,102.9286153,94.27632932,109.5249756,109.3025127,82.10889419,93.40591142,123.7981125,99.54585893,89.13612304
Rossendale,E07000125,76.46408088,68.80648104,86.72420978,67.31328988,67.86937725,80.24181229,89.78571693,87.70524533,84.64478926
South Ribble,E07000126,106.3856498,110.6903684,105.6098585,107.5051315,101.7411991,109.9291436,137.0439098,138.0134621,119.6489959
West Lancashire,E07000127,83.63667955,75.33374952,80.04267299,87.21217931,84.00542709,82.58521338,84.95318781,95.170665,96.72584936
Wyre,E07000128,93.64624883,82.19671435,83.66040201,83.48101328,86.69013925,86.9713043,86.75860886,91.98872412,80.22390193
Bolton,E08000001,87.17076003,84.84767403,81.82776418,85.44288462,80.07300234,80.52354459,80.9696484,81.70940071,84.80452458
Bury,E08000002,79.21652224,75.71743942,77.0029314,76.30442103,78.15636562,82.45248587,74.59282673,73.96906173,77.599897
Manchester,E08000003,98.1592034,94.86657305,99.44742756,98.8769439,100.8382712,104.8034415,100.7591496,114.3069464,111.2545633
Oldham,E08000004,79.59145015,78.32619845,75.1304376,75.82919422,81.63776888,76.42663059,74.1362401,70.08342707,71.98307736
Rochdale,E08000005,78.96768216,77.31978393,76.0653107,72.29288183,74.38671259,77.29797415,77.98554525,77.56303485,76.50763712
Salford,E08000006,95.49339932,91.57440051,85.61848273,90.63307478,90.32252609,99.96813429,100.8314007,94.08205748,85.92356197
Stockport,E08000007,85.03254204,83.91309664,87.33394675,80.15986165,80.88381202,90.25265347,83.93202638,93.78722275,97.86866591
Tameside,E08000008,76.26069166,77.72741766,79.97041256,75.33214317,73.61437567,75.10013498,72.34139586,73.40458071,76.54972181
Trafford,E08000009,98.73128873,97.49737068,98.84502932,95.67525716,96.32207838,106.5393682,101.6386416,98.22280399,104.6482445
Wigan,E08000010,83.05429719,83.72098167,80.94669873,77.30883279,72.67243904,78.23326559,79.76296279,81.88417667,82.3313166
Knowsley,E08000011,95.65741724,87.87400745,92.07593609,87.5070454,79.2744666,77.75534005,80.38750547,76.23825602,88.51876672
Liverpool,E08000012,94.16442161,92.67225726,91.83405911,89.66005857,89.67765538,88.3304556,90.38726323,91.46932862,91.96936656
St. Helens,E08000013,75.88180521,78.77648316,73.52070809,73.3799941,74.66756778,70.10237328,64.30664823,62.58503204,62.17783102
Sefton,E08000014,77.62696659,81.44729112,79.39396591,81.67334278,72.2313087,74.26011612,81.99680242,82.17944906,83.03108219
Wirral,E08000015,85.46101445,90.25693344,81.43972553,80.67034834,82.40110643,88.65229674,81.16141431,81.40398481,83.26622828
"Kingston upon Hull, City of",E06000010,85.48159004,83.45687359,78.80192559,81.01707025,82.18751596,74.85756079,83.08019577,79.90119532,82.34593072
East Riding of Yorkshire,E06000011,85.30992925,80.84009642,79.57923053,82.85900175,84.49718917,90.00581547,96.57889487,93.05934788,89.46761236
North East Lincolnshire,E06000012,80.09178712,80.35663126,77.71305677,76.59118213,79.09128486,83.62982448,87.11203933,83.93050868,81.14975336
North Lincolnshire,E06000013,94.80238814,99.36844132,97.41981216,96.33961886,96.19418162,87.04091058,105.3374331,100.3053627,94.76394884
York,E06000014,100.492536,102.5672264,103.3309605,105.9974367,98.82285862,93.7285248,97.50979722,104.1575003,101.7558624
North Yorkshire,E06000065,79.32959488,80.71121696,82.39276261,77.34159552,82.97679167,85.70813084,85.59680468,86.23048052,83.41917009
Barnsley,E08000016,75.8402974,75.06108434,76.16283674,73.00986138,74.76381476,75.87663926,74.37698348,74.17282862,77.74476211
Doncaster,E08000017,72.21944173,72.23987775,74.57698889,75.80217953,75.30183535,73.50879918,72.70104691,73.34365208,72.0959201
Rotherham,E08000018,74.58489089,72.78066958,80.02477227,77.99447199,77.76551487,73.60853391,75.45879583,75.58437528,81.99147297
Sheffield,E08000019,87.26949493,84.65528452,83.2322557,83.661451,80.95048456,85.0667539,85.81095711,86.89934143,87.46476895
Bradford,E08000032,79.1325471,78.42663465,77.46372587,78.58695809,78.71423147,74.88296785,80.69650986,78.80431617,79.19888141
Calderdale,E08000033,87.14999811,82.83338765,91.74406541,96.00038033,91.80440212,92.04156552,97.31868822,87.50574521,82.21817986
Kirklees,E08000034,75.21727336,74.0386293,75.05544053,78.63094537,74.7729255,77.66521358,76.12059852,77.7136087,79.96541611
Leeds,E08000035,95.85866856,97.73325144,93.34774664,95.05693977,94.46407909,95.03103322,94.70196574,97.09977935,99.94304076
Wakefield,E08000036,78.34517241,81.52429552,78.77282616,81.86416275,82.96163456,83.14562106,85.03903053,83.99389873,75.88011706
Derby,E06000015,94.56502725,88.90125547,86.63758452,85.9852514,84.07685274,93.08618246,94.92473953,91.92863497,96.22314921
Leicester,E06000016,84.22610343,84.4136861,86.70635095,93.20162797,86.84563631,80.46208356,91.52306433,85.15509897,89.03207134
Rutland,E06000017,82.01845345,88.47241781,75.31806494,77.92053114,72.27658347,81.19663642,76.82034759,80.87692197,74.96257439
Nottingham,E06000018,81.68977012,82.30427562,93.75529403,92.68127624,91.41445509,86.66742405,83.99153781,86.030756,89.71035715
North Northamptonshire,E06000061,81.54332841,78.26422531,74.72029865,77.12076383,72.18860922,68.95865654,73.7986019,73.77125484,72.08451469
West Northamptonshire,E06000062,92.34625838,91.89620796,90.67134503,92.19701411,93.24035892,91.15922323,88.80489118,91.2420009,96.26378161
Amber Valley,E07000032,77.60481809,79.92932281,81.41773199,85.31141974,84.30615414,90.0449761,87.48840259,88.65319163,94.10873647
Bolsover,E07000033,90.24013599,98.44576641,112.3006122,113.3139482,114.6328125,113.1717449,102.4731765,93.42179088,99.65342324
Chesterfield,E07000034,92.42106415,86.93796729,85.4020867,80.27888427,77.63872654,83.46037967,85.88473841,88.46226153,78.63704396
Derbyshire Dales,E07000035,76.59750188,71.58209385,68.87485807,76.33196333,67.51717021,72.70291209,76.1995726,81.20606998,72.1801925
Erewash,E07000036,73.12899326,70.72849351,68.8050316,64.50106186,70.61108849,70.06405515,74.74497952,65.59363774,68.0440712
High Peak,E07000037,80.38583419,77.37590295,77.30199731,72.18872836,64.40462868,77.02032523,74.70893394,67.92647987,70.46287315
North East Derbyshire,E07000038,81.40118738,77.69261127,86.03518944,80.74810202,79.91321903,90.37175348,80.10980707,82.6431452,78.48117886
South Derbyshire,E07000039,143.9691827,127.1816942,126.148816,130.8222188,138.3895666,157.0981097,144.5761064,111.034733,114.5283912
Blaby,E07000129,120.3966428,107.7691484,103.3514774,99.72285794,94.20937641,102.3775631,97.18218066,93.31076696,100.6397263
Charnwood,E07000130,89.96377636,89.02513432,96.7943545,96.50082295,87.21689608,82.58718179,86.89715911,81.37850418,86.35164101
Harborough,E07000131,85.88480902,87.70783793,80.85402241,78.93061973,80.75645829,81.69540431,83.70065259,82.6041302,86.04024663
Hinckley and Bosworth,E07000132,83.86259827,78.53746207,86.87710239,86.41256148,83.47072065,85.14646893,82.96699826,88.10889837,93.01282912
Melton,E07000133,87.03994531,87.71063238,87.38834232,97.78941483,108.0993332,99.80673294,89.30575773,91.0713112,88.74689845
North West Leicestershire,E07000134,92.71140085,95.12403078,87.74357051,91.14916787,87.38299384,79.47288129,84.00565045,86.52282926,88.38672463
Oadby and Wigston,E07000135,64.24056614,68.3354135,63.36839729,66.64434694,60.85033372,60.47825505,67.05385994,69.49567569,73.3573754
Boston,E07000136,74.63832309,70.52044018,66.76941311,68.98828903,75.18774996,73.65878044,70.13040934,68.30510326,68.76013182
East Lindsey,E07000137,75.30589054,69.84055404,73.64149312,69.43473756,78.43515694,74.09088565,85.53065113,76.18880537,78.53891421
Lincoln,E07000138,82.10391328,85.28133633,88.87604301,88.36860476,90.6154318,87.15802212,80.87864441,76.07470947,82.16740974
North Kesteven,E07000139,87.52656711,82.93784363,84.5684247,85.09241799,88.7756679,85.1498043,88.87525737,95.66936406,94.02117139
South Holland,E07000140,69.73971146,72.15461638,77.24273855,83.46355802,79.36361812,83.58005514,85.98993475,79.50203044,85.56685297
South Kesteven,E07000141,83.09482216,87.44649869,79.45986982,81.27449109,81.74041793,76.75271668,79.5086951,79.3345484,80.1668056
West Lindsey,E07000142,81.81863732,84.59585522,72.96466494,81.31898458,91.16192788,92.54567406,90.55635171,89.67134385,86.36796498
Ashfield,E07000170,83.7509044,80.40567465,79.98358952,81.3573787,79.94488157,75.97671156,84.53742301,78.32906379,78.37269775
Bassetlaw,E07000171,74.49368915,71.90678349,72.33298554,69.86167923,66.74788015,72.74575589,74.47967043,75.16526209,76.45710834
Broxtowe,E07000172,98.95101015,93.4949368,82.29259322,88.0420246,77.87790469,92.92125982,91.79257249,89.52401656,97.72231157
Gedling,E07000173,74.41559329,77.96369445,72.38833882,69.74230308,81.16456812,74.38671243,81.69528944,76.18535057,72.59727887
Mansfield,E07000174,70.85140561,72.93181755,66.43829895,73.76297716,70.19362087,71.48608421,75.2481444,67.40219579,67.18635372
Newark and Sherwood,E07000175,75.24726014,78.09069625,76.2087388,75.11898035,80.15107999,80.23573211,79.33876459,75.86637552,82.11301046
Rushcliffe,E07000176,107.8913405,98.77371779,108.1355276,111.5898178,106.0710244,111.5269855,110.2178215,111.656625,104.639865
"Herefordshire, County of",E06000019,72.92364409,70.84250068,66.01979226,70.933476,71.48966215,71.50893181,69.67321912,72.1965079,71.37174488
Telford and Wrekin,E06000020,80.37942456,86.0491088,82.51238269,86.64599903,87.58221156,92.04147468,94.94980927,85.39903376,82.45168439
Stoke-on-Trent,E06000021,72.5632401,71.25997526,73.32449852,75.73008157,78.76231335,79.15314952,79.3591111,78.87360778,80.35938361
Shropshire,E06000051,80.1901947,82.34908328,77.14189607,80.09575703,76.1337655,76.6699099,78.66133969,75.11229636,76.00743312
Cannock Chase,E07000192,93.57907634,83.04312456,81.25106927,80.12440639,80.41158054,84.99098362,77.84717354,79.78331733,83.03461606
East Staffordshire,E07000193,98.30949674,102.7362477,94.38904759,94.72055027,99.3330604,81.18146287,97.789102,90.87975037,91.89107946
Lichfield,E07000194,84.88334472,85.78505502,84.71575205,72.58725808,76.83869629,77.21342677,83.16260191,76.40263532,79.47868258
Newcastle-under-Lyme,E07000195,83.39501367,76.9919651,75.19021544,78.59465977,82.75434863,80.50117045,83.90364855,82.10633374,82.99976334
South Staffordshire,E07000196,67.05332213,72.46705186,70.0986956,76.52561439,74.54509066,84.08061474,85.77991148,76.92882274,81.58322533
Stafford,E07000197,90.68863063,87.30484979,83.6565336,82.79053706,85.57697827,86.21555106,85.54311145,77.46171792,75.17072333
Staffordshire Moorlands,E07000198,81.72590673,74.23362933,87.16060142,77.03827308,72.24945023,65.93798264,81.13876123,66.62969249,68.46136674
Tamworth,E07000199,71.41043005,79.55581488,89.98094897,91.45058698,85.84976479,93.47658632,110.6713385,100.2132134,95.91791852
North Warwickshire,E07000218,93.90150319,86.12916727,87.23321916,92.98064433,93.3396602,97.12844466,97.62800218,87.93508435,88.14090217
Nuneaton and Bedworth,E07000219,73.1203259,76.47860335,75.60925919,76.53428179,73.60415588,78.18178687,72.08743398,82.25105462,79.52523051
Rugby,E07000220,93.14327393,91.28399748,91.84849682,95.7805584,87.58882602,85.63917041,84.95263127,91.29617388,98.32436744
Stratford-on-Avon,E07000221,104.6880844,99.10591107,102.350559,109.9760235,103.0699581,105.5199383,102.3100571,99.77404062,115.3776416
Warwick,E07000222,122.6797618,121.2699513,124.0308662,120.3052901,119.2162427,116.2396532,109.4421313,110.1265939,115.0965432
Bromsgrove,E07000234,112.4509364,84.96800543,78.73500529,100.5887434,99.41816747,105.0139701,103.6815673,117.8783708,124.3735336
Malvern Hills,E07000235,94.66188511,102.7351026,91.59512991,91.15239487,90.48494462,100.5199139,84.68166035,87.48658898,90.29049788
Redditch,E07000236,88.6361383,92.14094645,91.94789924,83.26584914,81.54967017,87.43605202,79.51717482,79.32531385,84.54808598
Worcester,E07000237,107.7822582,97.75966509,96.10141327,95.74661427,94.59507275,98.0419172,93.9904923,98.88478642,93.09171229
Wychavon,E07000238,75.17263653,77.56917097,76.31381406,84.21367937,83.18159974,96.52913306,88.30834557,83.64586058,84.13051262
Wyre Forest,E07000239,72.36874604,70.39907509,60.25226389,63.30659633,65.86033967,61.01279059,60.45764108,66.5777186,67.43895085
Birmingham,E08000025,89.30445154,89.84867814,88.0658582,90.34331358,86.46470689,80.48019037,85.98528035,84.84864121,87.00549607
Coventry,E08000026,109.2256835,119.9947361,107.5619531,104.410632,104.5244132,95.74657842,94.18499076,98.33184375,91.44101204
Dudley,E08000027,77.96512537,76.69445852,75.80348138,76.1063726,73.69178743,73.67854929,69.72628378,74.40780207,74.09752797
Sandwell,E08000028,76.7277308,80.57952246,77.25104836,82.66257471,77.6377054,85.11532308,77.28560177,73.00738933,79.5579478
Solihull,E08000029,116.9544146,119.7129217,123.525522,105.0316273,104.9321264,101.6325923,95.6842648,94.70377695,100.5781711
Walsall,E08000030,74.60637928,79.66059812,73.54980405,71.82613782,69.7861273,68.38999698,70.50656762,69.83480726,64.75436094
Wolverhampton,E08000031,76.01271202,80.30748492,81.49223451,82.34407215,84.43728544,77.46063719,79.56684915,79.4936864,77.15327156
Peterborough,E06000031,84.50096334,82.30271874,87.72186553,94.47677137,92.48132289,91.06438001,88.69694721,89.97779328,88.75149523
Luton,E06000032,90.36040031,86.4925306,84.40603327,89.1088367,87.29593561,69.951588,70.34019126,81.99736127,83.13219495
Southend-on-Sea,E06000033,75.44853798,79.62996457,84.45820402,80.99282561,79.94576179,69.75192131,71.03155249,68.62707351,73.15990749
Thurrock,E06000034,97.89221139,93.0355305,100.4179119,97.6424045,97.65531808,85.90683673,88.04649569,92.12210716,96.63708558
Bedford,E06000055,85.20688968,84.89604542,88.017425,87.1862723,89.01201596,78.76093343,81.06706389,88.39239326,78.77127394
Central Bedfordshire,E06000056,87.42982996,86.59160645,93.51920574,90.7094054,85.15833577,86.18869367,87.739249,81.28727597,87.24585189
Cambridge,E07000008,104.0619617,106.4088754,107.7879591,103.0351591,105.7125604,105.5093237,108.3552762,108.7835596,109.9255334
East Cambridgeshire,E07000009,85.34563672,75.33535188,84.01424934,84.66997457,85.47607074,95.70747838,83.26958185,87.64162384,97.43886996
Fenland,E07000010,80.44575428,70.19955665,76.88981273,73.87808197,75.46486711,64.01633244,74.99185231,75.34864054,70.95982279
Huntingdonshire,E07000011,88.74705217,92.00620205,97.29529234,92.87712282,90.41886062,89.92599055,91.63546913,88.61390217,84.49578279
South Cambridgeshire,E07000012,101.3701729,96.67314399,93.54546988,95.01815937,89.93310487,107.7287996,103.5017032,105.7976496,106.2249109
Basildon,E07000066,109.7615845,104.2891141,112.3523016,110.5374459,106.9390859,112.3183512,115.3110821,111.4904847,103.2014894
Braintree,E07000067,89.0862954,96.23048808,105.6104279,100.6586215,94.36419227,99.78347947,103.2243579,101.3983464,108.0908921
Brentwood,E07000068,139.1808011,137.1243071,154.064713,145.2316391,144.5745695,132.7025115,142.4649893,148.0081218,138.6314909
Castle Point,E07000069,74.18358904,69.29247456,78.40970376,72.84742843,68.58938573,67.46532337,84.0204542,64.36122506,75.90228079
Chelmsford,E07000070,100.6779011,89.68002299,93.38786017,94.51233854,97.18485615,100.1591137,103.5200355,105.1751802,106.8560517
Colchester,E07000071,83.09722092,84.96014398,85.26004468,88.73414846,91.30678989,86.45306087,88.98731793,88.27819986,83.73731277
Epping Forest,E07000072,113.3328761,107.6174432,113.268976,118.1529779,110.1174007,101.8047533,109.1624992,107.9445111,108.9166371
Harlow,E07000073,85.75729996,87.85751271,90.23146206,85.1381465,84.45303281,74.78724329,78.19260953,85.03667962,91.72591216
Maldon,E07000074,76.60595184,78.68813053,86.7552081,76.84403322,93.48796872,86.32510894,93.47983321,77.80741629,85.02249017
Rochford,E07000075,85.70541873,87.12861385,78.29586876,81.220666,75.81073073,85.54808658,86.37824758,97.23202278,114.5969451
Tendring,E07000076,78.68891748,76.90227986,80.02035463,76.79100547,78.91019151,74.45700488,70.99398495,79.81306539,81.44402706
Uttlesford,E07000077,79.41431087,71.67847845,70.55731905,67.76345211,67.65605502,58.8811981,70.55881438,94.34740682,97.46195061
Broxbourne,E07000095,106.1489595,98.69853461,96.94193025,99.58579032,89.41936923,90.33688408,92.15247998,82.70709922,88.03823768
Dacorum,E07000096,100.1076422,96.28721456,102.8333963,106.5636278,93.84019054,139.9969741,90.22132734,87.84955374,87.79804401
Hertsmere,E07000098,113.0818132,110.86682,116.2896528,114.6170862,108.5090575,118.234207,126.3647737,128.1513996,101.2258326
North Hertfordshire,E07000099,109.4788511,99.75399144,116.9353255,111.9868769,103.2421801,111.7404792,117.950038,106.2788719,125.9499316
Three Rivers,E07000102,138.9894451,151.1750521,155.2302817,155.3137489,154.0468727,152.9363351,143.2046277,144.4474752,157.0890452
Watford,E07000103,115.4552563,111.2344133,114.7572605,96.93695912,128.9379615,109.7619788,109.382755,129.0276467,103.3511052
Breckland,E07000143,80.65699954,82.19939944,81.05347207,73.69623564,80.49445501,82.64958432,81.66068559,72.5910119,75.49972491
Broadland,E07000144,99.79637934,101.2160583,108.8429314,101.8827772,118.7898996,143.3888725,135.8968305,124.0386358,118.8149402
Great Yarmouth,E07000145,94.18163415,78.6823742,82.71941878,79.69516292,81.54050522,70.65868031,82.45606527,82.64444981,82.20951774
King's Lynn and West Norfolk,E07000146,85.52044858,88.19909323,78.72802315,79.86504599,85.58619599,83.07379449,77.78278537,72.26810763,78.78947284
North Norfolk,E07000147,67.94455209,67.27740446,68.04944064,64.35439508,63.60168852,61.63208464,73.17757207,66.6447341,68.22117978
Norwich,E07000148,82.86950894,82.69367077,83.77494188,77.56429011,86.53729676,85.10924602,79.56388853,79.50845485,78.67502163
South Norfolk,E07000149,85.37850886,86.18373495,85.95451232,79.36537285,80.23112052,77.53267626,83.13566133,79.99466445,85.74808503
Babergh,E07000200,81.29206402,82.44097205,83.09656116,78.55012028,80.61072754,81.45672306,83.37996999,84.13917727,74.76185481
Ipswich,E07000202,108.5480394,105.7355874,102.7403542,99.6375669,106.9135797,98.61439055,95.48025508,102.9259903,105.8931719
Mid Suffolk,E07000203,81.87176524,79.68110513,83.21370561,84.32305168,82.11297993,77.70922831,81.12414724,82.69290455,93.66494295
St Albans,E07000240,98.07408162,101.6858909,96.8221764,92.91061873,94.22489355,96.03105119,95.33548505,114.0635612,104.4969814
Welwyn Hatfield,E07000241,86.72331153,76.74777574,72.29511953,78.6780955,90.27711965,101.5007922,107.5324856,109.6723698,107.9535802
East Hertfordshire,E07000242,94.75407238,103.8739473,89.9690634,76.07862546,91.41892495,91.69213885,99.25564217,100.5111306,112.8315811
Stevenage,E07000243,97.49043453,97.19362942,96.26267824,94.06874712,85.15721805,74.59840861,81.15032944,84.79400329,78.49365559
East Suffolk,E07000244,71.85472819,73.7517617,73.99912095,74.0349884,80.32906173,80.76379351,82.32641827,85.19334634,79.35592093
West Suffolk,E07000245,102.4865412,101.76434,95.69816503,92.23486796,92.27450611,82.81939535,84.99862435,83.08907715,78.76250033
City of London,E09000001,260.329424,256.8825561,254.3076591,258.3462676,257.3286334,274.5650564,258.9322765,240.2800683,226.6850772
Barking and Dagenham,E09000002,104.5025946,98.26890623,88.93669771,89.35169487,87.40808574,76.32176942,78.95436424,80.44150155,89.56587763
Barnet,E09000003,97.25052281,100.9547718,95.77900537,95.90544054,101.8248759,99.97646669,95.85923146,100.5469201,107.6166452
Bexley,E09000004,135.2603014,134.3910417,125.0355241,117.4448043,110.0007869,112.7750019,116.8978746,113.8802891,110.3738947
Brent,E09000005,107.239484,100.3290195,96.45275789,97.55304158,96.14558171,87.83093482,95.38631249,84.92196299,97.67345629
Bromley,E09000006,116.7672682,116.8821074,114.2731825,116.4249567,106.7806083,103.583446,101.4545338,94.57290033,96.90675204
Camden,E09000007,150.1562268,159.7140047,157.6673577,158.3692755,154.4039558,133.1536794,130.0596647,137.4139364,128.8607308
Croydon,E09000008,112.9559388,104.6188552,98.4359342,111.3400858,120.8958992,116.3009697,116.5685956,113.6596849,116.5243116
Ealing,E09000009,101.6195645,99.58323407,95.75380253,108.3350826,99.57237281,97.74096359,98.4315021,98.89268888,85.3481672
Enfield,E09000010,99.67688174,109.0709372,105.0400987,104.5425884,111.4164465,101.840965,112.7750162,109.1911394,97.13137474
Greenwich,E09000011,99.75331601,102.4625194,96.65784527,98.9117782,98.76342758,92.16303316,89.16779563,96.64979149,89.57112811
Hackney,E09000012,87.03210373,83.93231865,91.18635864,96.36973688,103.52473,108.1952552,100.9760845,101.293712,108.153654
Hammersmith and Fulham,E09000013,117.6683789,114.9154312,113.6789237,118.1440199,132.0960979,121.3879983,122.9927786,114.9087452,121.4512567
Haringey,E09000014,74.62728888,72.85701247,73.10513204,74.65866607,67.66076735,67.24318455,77.95073981,75.71695833,70.95179141
Harrow,E09000015,106.7956005,103.84105,95.15550572,102.6575558,104.8478874,102.6500157,99.35257303,102.9645424,94.45041294
Havering,E09000016,111.1668556,97.74972177,98.39177672,101.0907019,106.9698537,101.935943,103.2571927,99.5391905,103.0776134
Hillingdon,E09000017,114.0729625,111.4647179,104.9646812,112.1577974,113.5058748,83.16283191,85.20189847,90.564023,96.70456039
Hounslow,E09000018,134.6880107,135.7368827,145.1584958,145.4237047,143.6267865,118.2391179,112.8367064,135.6060966,135.4067403
Islington,E09000019,131.2308286,133.0095143,130.4496233,131.7047063,132.8194107,134.0213936,125.6747515,140.6818499,136.8822981
Kensington and Chelsea,E09000020,126.1199453,123.5817383,111.5662548,115.4404596,107.3301994,100.464339,98.66872879,106.8072588,114.9441513
Kingston upon Thames,E09000021,96.30705057,104.1466066,95.71395191,96.53821415,102.4000965,90.05896427,83.08564878,86.21482815,92.03555886
Lambeth,E09000022,129.0133542,139.1469345,132.1507512,131.9422786,123.981469,108.6071412,116.3256648,123.3662539,122.1360592
Lewisham,E09000023,84.8260477,80.88105493,72.12792609,81.37765632,77.97496135,70.79273798,72.21572394,65.5891222,69.18400798
Merton,E09000024,108.0235675,107.5543953,94.58262836,100.7344342,99.14870739,97.37480256,99.52210112,107.9401053,99.22851877
Newham,E09000025,87.85039424,83.81803562,86.2860612,77.55362428,80.7844423,74.69250641,73.79026824,77.51472933,75.30386654
Redbridge,E09000026,91.40621562,89.99067406,90.26028524,94.46538905,81.15867258,75.83804441,89.78166953,86.34181937,91.65968325
Richmond upon Thames,E09000027,127.4149412,121.9666521,128.6722225,127.9517058,138.684135,141.3489005,128.1580596,128.1335561,129.5123211
Southwark,E09000028,125.1515455,125.7414169,123.2266668,126.4055099,126.4378905,125.5413529,122.3329664,114.1209016,117.8992368
Sutton,E09000029,89.99403867,89.52028691,90.56609436,85.14792946,85.52662312,82.5190175,69.81111461,69.49730314,89.04913045
Tower Hamlets,E09000030,226.1604474,234.7118143,233.70024,211.0813894,199.3815017,203.6425522,198.1737848,176.934364,181.8779306
Waltham Forest,E09000031,82.74332831,79.47900633,77.96954824,75.73326216,78.46034849,74.28742445,79.00660231,81.78485632,68.71301098
Wandsworth,E09000032,97.82997135,99.55914583,90.69008944,89.25427018,83.62371867,75.22777568,81.22689067,81.01011757,82.65946412
Westminster,E09000033,152.6924302,165.3959391,168.1641801,162.8667331,163.4823798,164.8346926,159.205848,164.8737699,161.0399153
Medway,E06000035,94.30355851,90.91775848,96.80660928,93.49156432,102.1025286,99.74514611,95.32857043,97.40681439,94.25741685
Bracknell Forest,E06000036,134.1592882,123.1340236,131.1655609,128.2945264,131.092261,127.3944518,126.5811364,135.8879824,118.7889671
West Berkshire,E06000037,91.21890249,93.10992319,93.91441016,99.96113653,109.0859123,138.2948294,130.5121872,118.5725718,120.3878214
Reading,E06000038,107.1658806,113.5836378,113.4056578,127.3784761,122.9412964,119.6571028,115.6967185,118.1850745,121.5125382
Slough,E06000039,141.7439464,141.813343,136.8937573,137.9111267,142.4958278,177.0031176,161.6268712,152.7458994,159.7616634
Windsor and Maidenhead,E06000040,136.9249205,137.5248735,152.0379461,148.4623331,138.9244088,149.1990715,151.7116944,123.9608837,110.533138
Wokingham,E06000041,119.3034078,117.7917262,118.7691775,136.6574594,142.6340842,164.0408994,152.8206464,150.2832798,151.9400965
Milton Keynes,E06000042,133.1771079,120.7532641,125.1647281,126.6071421,122.7696336,126.6728496,124.1417274,130.8670387,125.7782165
Brighton and Hove,E06000043,92.45218134,94.53113245,99.21339315,101.2904157,100.0872628,107.8906916,108.3333296,109.0353297,112.2777565
Portsmouth,E06000044,91.9233993,87.91025393,88.74873244,87.31934684,93.37290093,90.48144794,95.36999923,92.80379168,96.14718569
Southampton,E06000045,124.2348909,127.3890969,134.9892001,135.5956192,132.055425,127.0829877,122.1518894,117.1625619,115.7206167
Isle of Wight,E06000046,80.44776385,76.64319592,80.76695872,76.565004,79.54481708,79.02369091,81.11978891,84.73238392,77.9831043
Buckinghamshire,E06000060,104.3110395,98.18642096,94.83985155,96.64596848,101.4746314,103.9513021,100.9719433,96.35330054,98.20581292
Eastbourne,E07000061,71.78174313,78.77451366,76.80508067,73.53778796,77.89009054,82.19307957,76.25785228,66.35846613,73.36280418
Hastings,E07000062,77.33617996,78.07018323,71.64707009,78.0802149,67.76527065,75.30891637,73.88274435,72.73296219,78.13205275
Lewes,E07000063,83.9847161,79.75118228,86.50401664,84.07870591,79.5562087,80.02805014,71.58754087,80.02347536,88.32855272
Rother,E07000064,76.04578085,74.97430136,77.37693208,69.46131569,71.16182225,78.91981106,74.81295021,72.4317239,66.82977517
Wealden,E07000065,76.26154471,71.81585249,74.91473084,74.09250385,70.45370698,73.28671683,84.44377023,78.46967042,78.26114527
Basingstoke and Deane,E07000084,127.1097578,117.8277813,126.6768047,126.487136,120.8257003,126.0771495,123.2860784,136.869676,123.2152687
East Hampshire,E07000085,88.2093706,90.36834102,92.57990838,83.16660897,89.76224773,99.59175229,99.62473054,90.38026096,89.8831428
Eastleigh,E07000086,101.8941891,97.79299162,105.9746429,105.9117007,107.3274232,112.9710855,108.5366038,105.7012474,110.1969253
Fareham,E07000087,88.77437887,90.44971728,100.2741827,97.84292682,91.65382534,94.36614077,99.8320392,103.6510432,96.80379676
Gosport,E07000088,77.33206608,74.75830303,70.85004996,80.64143355,77.85126189,80.71836732,82.13604862,81.18195458,74.28961623
Hart,E07000089,132.4239114,148.3793908,115.7622405,118.6274833,135.1531005,141.5872917,147.938889,123.0591079,126.743456
Havant,E07000090,109.8909585,109.8613429,98.68394793,90.66111521,88.69373479,92.49306346,98.51232171,91.59791438,86.14969722
New Forest,E07000091,95.57881282,95.79648439,97.03032208,99.93732379,101.3880224,108.127741,107.8824659,101.742182,106.800375
Rushmoor,E07000092,109.0145948,123.2110456,158.3910624,161.1758041,195.3314801,208.5656527,207.2543162,175.2918106,182.7176229
Test Valley,E07000093,83.49173711,85.77461952,91.42782753,86.09191766,89.69550045,91.5264684,86.65873632,95.06418648,87.25759466
Winchester,E07000094,100.6218153,101.455424,108.7378842,108.8984959,106.3915461,98.56368419,101.382876,94.63815143,88.95648743
Ashford,E07000105,91.50917399,82.13905871,77.20216967,80.99330793,84.40066221,87.98588592,81.20634085,76.85021771,79.04581755
Canterbury,E07000106,83.46934222,74.22013971,77.33015857,84.9175148,81.25078183,79.17084569,81.78087231,79.84738433,91.52440761
Dartford,E07000107,98.61270185,106.0686376,108.7502464,104.7105105,100.4856329,85.86836658,81.17892301,84.86465254,82.12156154
Dover,E07000108,111.3518924,107.5210395,105.8679222,110.3945751,101.6504013,95.72842771,98.9860512,99.70479729,108.3370098
Gravesham,E07000109,92.33406919,84.00883458,82.23311106,84.08254054,91.13675409,98.61152274,87.14876079,97.73585026,70.05262609
Maidstone,E07000110,78.02498644,83.70939501,85.70617593,83.51680462,83.76996846,91.15581568,90.06047414,88.70239777,86.17445251
Sevenoaks,E07000111,106.5101254,112.4264091,102.7629415,126.980727,120.6123666,125.1289046,125.3002785,111.0130166,135.2662068
Folkestone and Hythe,E07000112,85.11729163,93.03159878,97.04517348,98.38690366,77.95601161,84.41297558,85.02306399,87.8859528,93.85000429
Swale,E07000113,82.95339108,84.75764307,85.55993823,81.00467232,85.50866833,103.2892499,94.34584703,78.56998938,75.42478643
Thanet,E07000114,81.77525238,74.37629263,73.09380327,79.16962473,71.78940074,70.9674091,72.24875371,74.08317688,75.71513078
Tonbridge and Malling,E07000115,106.8852261,110.7181135,115.8493219,117.4841982,108.1975337,115.6787611,103.928995,112.0387922,106.1109045
Tunbridge Wells,E07000116,91.74434233,102.4488939,107.5839864,110.8637557,99.47157215,104.6829036,98.17347587,99.29680456,91.71673905
Cherwell,E07000177,99.1455729,95.28158461,91.58444727,95.43735048,94.69386547,98.69482451,96.85361599,92.57678513,91.77284146
Oxford,E07000178,93.22625549,87.97331378,89.81692966,85.52695035,93.59946303,98.44523077,109.7583831,111.9746066,102.1534342
South Oxfordshire,E07000179,119.968965,96.83458587,104.9020964,99.71536092,104.5581014,124.1858694,118.9127243,109.8665228,116.1967607
Vale of White Horse,E07000180,117.9734504,104.3921344,109.7945621,111.1385969,99.80425098,115.069798,110.4437691,103.9235485,108.4517753
West Oxfordshire,E07000181,101.8011822,93.58284383,94.07246797,106.445433,103.2514857,109.9903338,91.74600721,93.7796451,94.85599997
Elmbridge,E07000207,158.0524063,152.2138462,171.8696456,165.870548,183.8393505,213.0171515,191.1157026,156.2115589,168.9156844
Epsom and Ewell,E07000208,104.1199925,95.73805126,103.4231046,102.5749824,93.75141062,103.7460501,94.66670837,99.75184276,89.65461041
Guildford,E07000209,113.384017,109.0174373,99.87095822,97.86271328,99.49404129,115.6461474,111.6727022,102.4748604,108.2770333
Mole Valley,E07000210,152.5976302,145.8988865,148.8181088,140.9718526,137.178307,143.5782574,130.1907989,142.7343179,139.6418762
Reigate and Banstead,E07000211,176.7568531,160.3578885,172.5999819,142.1127904,130.2310436,133.7123437,138.1276819,141.9843724,146.6654574
Runnymede,E07000212,161.9511658,165.1291821,176.6513604,163.9660155,160.7807048,183.7850614,176.9419654,191.8594743,172.1878555
Spelthorne,E07000213,139.9982861,129.4881596,121.6396023,117.7660182,125.6502083,143.8052479,148.0343136,147.886418,149.4868016
Surrey Heath,E07000214,109.1539993,119.0403489,96.17424005,118.0131975,127.8302167,143.261032,115.6909976,113.8216487,94.89622341
Tandridge,E07000215,93.25239292,93.54221046,88.99491921,78.82386761,75.5169012,89.68465631,79.26627913,84.12692326,95.64308952
Waverley,E07000216,93.1314981,92.75349988,95.77899529,104.8959645,103.9072601,97.26226395,99.09235735,102.7062252,109.3253048
Woking,E07000217,123.8079412,106.8568118,106.5705044,109.724997,94.01960571,102.7523802,103.2734747,107.7018451,90.81950396
Adur,E07000223,80.80734564,78.5041199,90.71608392,80.81233194,77.34899344,78.77055419,90.02167428,85.42832579,90.49883544
Arun,E07000224,76.96029702,83.69524218,77.67774892,76.11714504,79.34905794,88.72903679,82.26140184,78.79109166,85.43745951
Chichester,E07000225,85.42723102,87.2042357,92.12686233,87.20513934,83.33751303,90.83759563,87.10214863,90.99687985,87.52771295
Crawley,E07000226,69.9825622,73.41391183,79.01194983,79.99360492,78.68270219,62.98535404,72.58459043,95.8635802,93.88069836
Horsham,E07000227,90.8935887,90.59368651,80.59961321,96.9906233,90.32808152,93.41982617,101.5093048,83.86495298,89.25218109
Mid Sussex,E07000228,92.25142093,88.55724114,82.82264308,87.73750045,93.99603838,90.77730735,98.50263309,89.91112073,88.91167292
Worthing,E07000229,111.8024342,108.5818062,123.0634594,122.5444576,131.8457933,134.2727135,140.7312146,131.2061993,123.2810804
Bath and North East Somerset,E06000022,84.75162335,82.13207973,81.78896218,81.25733345,81.37995738,75.44270245,78.66195568,79.48643549,80.4310972
"Bristol, City of",E06000023,95.21261657,97.32788113,97.39174965,95.30947342,94.75967338,92.42514623,98.11649985,94.09052129,92.49768649
North Somerset,E06000024,78.16963391,79.39381466,79.00104917,77.57675244,74.3569095,72.34053402,77.67108698,78.29177959,83.24978881
South Gloucestershire,E06000025,131.611824,133.5018425,128.0557723,126.4556037,126.7338982,133.9055686,129.8960251,126.5003384,134.6036048
Plymouth,E06000026,79.46801372,87.19426256,82.7315407,81.71857974,84.52859657,81.04385147,86.4476533,81.03758293,82.25713571
Torbay,E06000027,74.30262637,79.29436366,70.28009527,73.6207239,69.64188197,67.36294448,69.28550285,65.75943601,65.18254762
Swindon,E06000030,152.4340572,139.7893192,141.3971752,146.2476904,143.3017605,143.2524099,137.6292044,156.9065003,148.0970541
Cornwall,E06000052,74.5471848,74.52396868,76.50395853,77.11415045,79.05682785,76.27453247,81.47900201,80.22334223,78.46463573
Isles of Scilly,E06000053,94.88689466,75.222104,87.63834662,94.96922407,75.0944916,101.8408564,102.5223744,96.05322031,119.375663
Wiltshire,E06000054,85.71389037,85.7936806,88.84382498,87.37335684,86.10561554,85.13215004,90.37859993,90.91750059,88.52247346
"Bournemouth, Christchurch and Poole",E06000058,94.44118677,96.12565679,97.15823963,92.77610281,92.92155889,95.21592952,94.00792589,94.38842101,96.53425925
Dorset,E06000059,88.83731884,87.91679552,89.79829724,89.8782807,88.91080216,90.57987009,92.12329682,87.42612052,86.85706454
Somerset,E06000066,79.0189196,82.55982189,84.30520982,80.62662728,82.53152752,86.1159289,87.38972906,82.3382449,82.03620781
East Devon,E07000040,76.2873459,79.73912847,88.24734288,79.10715123,83.66787927,86.8760789,90.7897743,86.40826965,91.62892853
Exeter,E07000041,93.41224179,95.23381375,99.0314617,95.13344934,98.68825351,95.69809869,105.8657762,96.44923599,98.69158144
Mid Devon,E07000042,66.6566079,68.02161552,73.93392694,77.53306531,75.07508107,68.09515322,81.25215817,76.23492753,80.60609699
North Devon,E07000043,85.27663065,87.75249313,77.93466727,76.48859226,82.31900974,81.60145002,83.84561664,84.98265015,82.5638556
South Hams,E07000044,84.42301437,80.37547448,74.20646691,74.80130423,78.24270363,79.35889498,80.45803674,86.68312244,91.10572365
Teignbridge,E07000045,79.68141465,77.411385,76.46818963,73.93232346,76.982657,69.22956371,72.57706451,82.53579637,81.62959487
Torridge,E07000046,80.98620495,73.66204409,75.2152771,71.42029056,58.65499961,65.60879487,71.63048448,69.46074361,66.88036965
West Devon,E07000047,66.89214383,73.31461269,63.35597711,75.2007373,77.81399658,67.32382382,70.06910276,66.20653832,60.41484296
Cheltenham,E07000078,87.26582476,99.42725364,90.54441324,93.05868814,90.23787282,90.81108168,97.18317809,99.3871431,96.32266249
Cotswold,E07000079,113.3228659,115.7040912,133.4729856,138.7578739,138.1653095,134.4750597,133.6941116,125.2887622,121.3811687
Forest of Dean,E07000080,113.4961235,107.7310877,115.0154852,103.9313534,134.3995969,136.2339029,121.7279264,112.766125,85.19820088
Gloucester,E07000081,94.11244636,97.76849905,94.66305085,87.38987048,87.44768324,84.6724543,85.8856744,79.46859012,81.74283951
Stroud,E07000082,71.36613175,79.92932721,79.03494019,78.86824757,87.66273276,86.08378558,89.37782625,87.89472666,74.07083152
Tewkesbury,E07000083,105.2240833,90.90299173,103.4849332,92.88255874,93.53822801,96.29876479,100.0060365,95.39731128,105.1596388
Isle of Anglesey,W06000001,70.11907565,72.13277356,74.2600836,74.94954878,74.27863509,72.95972752,76.45377149,75.46687037,78.1656783
Gwynedd,W06000002,68.63130083,68.85342767,70.49870783,70.73673009,72.92501073,64.8128445,74.09152226,69.50109266,66.55975489
Conwy,W06000003,64.01984474,66.52370813,73.91821159,73.40767419,74.62696702,66.91205117,71.79050093,62.76823375,68.41644091
Denbighshire,W06000004,75.28347379,75.52298969,76.40022121,74.2680489,75.79701698,69.65723229,77.34523592,75.54882996,77.19067838
Flintshire,W06000005,87.33856267,90.47864083,92.95697799,90.63810235,92.24845963,96.88113683,93.24939882,97.09767607,104.1120328
Wrexham,W06000006,91.89906322,92.91398137,84.85151381,85.38345197,88.04805581,87.80855281,90.7932077,94.55590267,99.60324507
Ceredigion,W06000008,69.67943562,70.09791923,77.11271235,79.93759798,79.25849335,72.28793981,69.84809516,72.53219236,76.22711078
Pembrokeshire,W06000009,94.1330796,97.16441553,98.18250387,84.96218723,84.42991573,75.71170447,75.80183377,90.21559743,85.97939413
Carmarthenshire,W06000010,73.66238377,77.35814338,74.35630203,75.30389838,75.22951789,76.96127428,79.70541705,81.55494316,77.38588543
Swansea,W06000011,80.1834875,83.03695767,84.98063355,85.86099772,85.44120394,80.6236062,85.02796729,84.02312628,82.23383201
Neath Port Talbot,W06000012,85.39309209,81.58537713,82.9589681,84.68161184,79.73365353,80.83333911,82.66977242,75.59612957,76.26219902
Bridgend,W06000013,84.1348796,80.91992263,87.18867488,86.57563259,93.96348861,92.84420286,86.66728995,87.12304579,86.49565661
Vale of Glamorgan,W06000014,83.09355279,84.9123295,74.05942136,74.9160635,77.09123606,73.38824648,71.67271861,73.59945726,76.7646024
Cardiff,W06000015,93.65385616,93.18860148,92.82914418,93.2176485,96.35657991,99.24271897,96.16061186,95.02097423,90.72323606
Rhondda Cynon Taf,W06000016,92.77853482,96.42020107,92.79631399,90.04847268,91.74071563,87.97932008,85.67765768,88.57792024,81.78953792
Caerphilly,W06000018,78.35135735,82.61901309,86.88379291,86.58268237,83.01695407,88.77725047,88.61379859,87.37964625,88.59451046
Blaenau Gwent,W06000019,71.45473152,73.60068546,76.00578128,76.76779906,79.4302463,79.11768774,78.4665497,77.9194735,86.0936362
Torfaen,W06000020,72.07195572,68.46715105,65.40497235,75.02676137,77.6290909,68.54614712,72.39970297,69.79896562,71.64650715
Monmouthshire,W06000021,87.39542859,82.09032557,78.73326889,83.53488506,81.98940116,91.21441927,85.8867243,90.40421638,87.51978221
Newport,W06000022,83.23071399,86.84662423,87.49511877,85.94188505,86.82814206,81.78629225,85.67224501,87.67527739,88.25118666
Powys,W06000023,60.06358244,64.52689602,66.59991591,63.44530281,65.48986471,65.99518309,60.27957766,63.63759709,60.4982908
Merthyr Tydfil,W06000024,64.60970712,65.35777982,60.84728119,73.05162029,77.69916502,66.68309455,73.91350867,75.39513076,81.53329202
Clackmannanshire,S12000005,105.0740566,103.5746063,113.7137298,118.6289224,120.5825039,111.7599448,115.2729163,127.7294174,118.0458263
Dumfries and Galloway,S12000006,92.82092278,89.78562903,92.13520281,85.33861747,90.69799856,91.66305962,93.04203351,90.33889041,83.32515087
East Ayrshire,S12000008,82.80660052,77.80259117,81.72220035,82.07976084,75.43132775,76.11883056,73.16689039,79.08407563,85.26647232
East Lothian,S12000010,86.68149775,92.53623154,89.88976177,85.32050129,90.3686185,82.01603956,86.02760159,91.72838212,87.67903176
East Renfrewshire,S12000011,84.84181597,83.86269314,81.74888309,82.59410527,84.09995019,89.37520217,101.3063987,85.0251205,81.13320662
Na h-Eileanan Siar,S12000013,72.40304711,81.68970722,74.8055285,73.97493361,74.46365465,75.84117448,70.22319806,66.17893899,70.09755626
Falkirk,S12000014,103.3314352,99.59940441,99.40629644,101.0685059,98.93107949,96.16590844,93.62645122,96.08342796,83.95115296
Highland,S12000017,89.67141836,87.00667469,94.1207576,92.02653568,91.08897847,88.57072359,85.77111442,88.06390118,88.36374287
Inverclyde,S12000018,78.56208018,73.9737132,80.67355754,75.97534255,80.71493883,70.48444692,74.12449865,66.7570699,77.8955902
Midlothian,S12000019,79.13698379,76.1721559,77.51494243,76.85238651,78.10787238,83.95803699,76.34712026,80.03258858,72.21312862
Moray,S12000020,93.65209257,90.9406694,91.95506475,89.14623455,91.94423643,98.05875319,93.73928301,92.11606089,100.8038058
North Ayrshire,S12000021,88.81588026,85.82486997,90.38610062,87.1350056,92.00751587,101.5131743,96.4702301,94.75222636,88.13777815
Orkney Islands,S12000023,114.8347718,98.6694457,100.2390718,88.17085141,90.70814869,89.21542033,79.31994416,96.35516653,92.1383879
Scottish Borders,S12000026,85.06939571,85.95917551,84.78830857,85.29835141,84.49775538,85.30290493,82.91084873,82.49780983,83.01601366
Shetland Islands,S12000027,88.48641861,90.08241779,89.23029996,87.61706811,90.52125695,89.68140074,81.42899739,88.07967459,97.93373669
South Ayrshire,S12000028,89.37319445,86.52255458,86.66138462,88.11171924,82.72817922,82.0677556,76.88528695,82.90824782,86.84566752
South Lanarkshire,S12000029,94.99632807,93.90545761,98.51551863,92.22730143,94.68811076,88.67025047,91.75461029,94.76200393,88.16165889
Stirling,S12000030,93.15415165,92.08294407,89.86125387,86.24547055,88.86717174,85.4253796,87.19534842,88.36374927,90.70799023
Aberdeen City,S12000033,115.3816272,106.9738706,103.463268,102.5693945,102.3948382,103.3297642,97.53755139,98.30198995,98.8229724
Aberdeenshire,S12000034,114.1566725,112.9768984,106.8938913,101.5132812,99.50363543,104.9103859,94.26432086,94.15032504,87.57596198
Argyll and Bute,S12000035,75.8077945,76.2172624,82.14016406,80.18115303,84.56405412,83.41597762,83.79625407,83.83633979,89.0703897
City of Edinburgh,S12000036,122.2588916,127.1397642,133.3911061,129.3293108,130.0939039,122.1005889,119.7200959,130.3442095,129.8506697
Renfrewshire,S12000038,83.6061349,84.18021245,85.2771906,84.62757518,83.22158962,85.33555556,95.01569624,87.269434,85.02242914
West Dunbartonshire,S12000039,96.86042072,105.2946418,105.7678524,107.5977042,107.9837185,97.75895677,102.5469167,98.30744728,102.433926
West Lothian,S12000040,91.24950503,88.87706494,87.47394065,89.04173362,89.91611593,95.93434923,102.1646955,106.6425182,109.2349047
Angus,S12000041,82.97425616,82.87969269,81.79250124,84.95966171,89.71134595,90.0890406,94.9031483,90.87281166,84.74642555
Dundee City,S12000042,83.31847794,80.28265498,79.2189343,81.1224045,83.17184828,74.36541953,78.07863944,80.46115452,80.34731253
East Dunbartonshire,S12000045,84.31114167,81.79126024,90.78436811,90.91329605,94.24017731,80.98272888,82.81656986,90.73964247,87.97492148
Fife,S12000047,87.10234627,85.65764219,90.75557293,84.90680359,86.54500662,94.55194386,93.86310126,89.08090211,89.71362293
Perth and Kinross,S12000048,105.5983267,108.4411704,109.3239851,104.436498,94.77632439,100.7610856,91.37142663,93.03439396,86.39208521
Glasgow City,S12000049,88.22734472,85.96183758,89.85795941,90.62775698,91.13390552,89.02300459,92.2779486,92.7612097,95.47590146
North Lanarkshire,S12000050,95.44835301,92.4385468,95.71682733,92.16651322,97.79915951,97.28241243,101.9447081,101.2813528,107.7170979
